"subject_isolate","consensus_ID","query_clade","hits","strain","Con_ID","subject_clade"
"1A1","Br81_USPD16_7","T",1,"Br81_USPD16","7","O"
"1A1","ML33_S2_L00_11","O",1,"ML33_S2_L00","11","O"
"1A1","1A1_S1_L001_1","O",1,"1A1_S1_L001","1","O"
"1A1","U75_1","O",1,"U75","1","O"
"1A1","U75_3","O",1,"U75","3","O"
"1A1","1A1_S1_L001_16","O",1,"1A1_S1_L001","16","O"
"1A1","SSID116_1","O",1,"SSID116","1","O"
"1A1","FR13_S3_L00_15","O",1,"FR13_S3_L00","15","O"
"1A1","FR13_S3_L00_13","O",1,"FR13_S3_L00","13","O"
"1A1","1A1_S1_L001_14","O",1,"1A1_S1_L001","14","O"
"1A1","SSID116_8","O",1,"SSID116","8","O"
"1A1","SSID116_2","O",1,"SSID116","2","O"
"1A1","1A1_S1_L001_13","O",1,"1A1_S1_L001","13","O"
"1A1","1A1_S1_L001_2","O",1,"1A1_S1_L001","2","O"
"1A1","1A1_S1_L001_3","O",1,"1A1_S1_L001","3","O"
"1A1","1A1_S1_L001_4","O",1,"1A1_S1_L001","4","O"
"1A1","1A1_S1_L001_5","O",1,"1A1_S1_L001","5","O"
"1A1","SSID116_5","O",1,"SSID116","5","O"
"1A1","SSID116_13","O",1,"SSID116","13","O"
"1A1","U75_7","O",1,"U75","7","O"
"1A1","U75_8","O",1,"U75","8","O"
"1A1","SSID116_10","O",1,"SSID116","10","O"
"1A1","1A1_S1_L001_6","O",1,"1A1_S1_L001","6","O"
"1A1","1A1_S1_L001_10","O",1,"1A1_S1_L001","10","O"
"1A1","SSID116_7","O",1,"SSID116","7","O"
"1A1","1A1_S1_L001_12","O",1,"1A1_S1_L001","12","O"
"1A1","1A1_S1_L001_9","O",1,"1A1_S1_L001","9","O"
"1A1","1A1_S1_L001_8","O",1,"1A1_S1_L001","8","O"
"1A1","1A1_S1_L001_7","O",1,"1A1_S1_L001","7","O"
"1C17","IE1K_S4_3","O",1,"IE1K_S4","3","O"
"1C17","IE1K_S4_1","O",1,"IE1K_S4","1","O"
"1C17","1C17_S3_1","O",1,"1C17_S3","1","O"
"1C17","1C17_S3_3","O",1,"1C17_S3","3","O"
"1C17","GFRF52_S2_L0_24","S",1,"GFRF52_S2_L0","24","O"
"AR4","WB205_5","T",1,"WB205","5","Er"
"AR4","AR4_USPD160_2","Er",1,"AR4_USPD160","2","Er"
"AR4","SSTX-16-11_17","St",1,"SSTX-16-11","17","Er"
"AR4","G22_S1_2","E2",1,"G22_S1","2","Er"
"AR4","Pg1054_12","St",1,"Pg1054","12","Er"
"AR4","SSTX-16-11_1","St",1,"SSTX-16-11","1","Er"
"AR4","SSFLO2-2_S3_5","St",1,"SSFLO2-2_S3","5","Er"
"AR4","AR4_2","Er",1,"AR4","2","Er"
"AR4","AR4_USPD160_3","Er",1,"AR4_USPD160","3","Er"
"AR4","U217_S3_L00_6","St",1,"U217_S3_L00","6","Er"
"As345","As345_6","L1",1,"As345","6","L1"
"As345","As345_5","L1",1,"As345","5","L1"
"As345","T13-3NEX_CK_7","T",1,"T13-3NEX_CK","7","L1"
"As345","As345_2","L1",1,"As345","2","L1"
"As345","As345_3","L1",1,"As345","3","L1"
"As345","As345_7","L1",1,"As345","7","L1"
"As345","T-8_S9_4","T",1,"T-8_S9","4","L1"
"As345","Br81_USPD16_3","T",1,"Br81_USPD16","3","L1"
"ATCC64557","T3-1_L001_R_16","T",1,"T3-1_L001_R","16","L1"
"ATCC64557","LibP29_S2_L_3","T",1,"LibP29_S2_L","3","L1"
"ATCC64557","Bm88324_S1_3","B1",1,"Bm88324_S1","3","L1"
"ATCC64557","T3-1_L001_R_7","T",1,"T3-1_L001_R","7","L1"
"ATCC64557","T5-3_L001_R_20","T",1,"T5-3_L001_R","20","L1"
"ATCC64557","E-3-S7_L001_1","E2",1,"E-3-S7_L001","1","L1"
"ATCC64557","T-8_S9_4","T",1,"T-8_S9","4","L1"
"B2","G22_S1_13","E2",1,"G22_S1","13","T"
"B2","T13-3NEX_CK_1","T",1,"T13-3NEX_CK","1","T"
"B51","DSLiz_2","Pg",1,"DSLiz","2","E1"
"B51","U169_3","E",1,"U169","3","E1"
"B51","Ei88424_S3__8","Ec",1,"Ei88424_S3_","8","E1"
"B51","U75_3","O",1,"U75","3","E1"
"B51","U231_USPD16_3","E1",1,"U231_USPD16","3","E1"
"B51","U229_S4_L00_2","E1",1,"U229_S4_L00","2","E1"
"B51","Br81_USPD16_7","T",1,"Br81_USPD16","7","E1"
"B51","Br81_USPD16_3","T",1,"Br81_USPD16","3","E1"
"B51","Ei8927_S5_2","E1",1,"Ei8927_S5","2","E1"
"B51","lib2-Psy5020_2","T",1,"lib2-Psy5020","2","E1"
"B71","AR4_1","Er",1,"AR4","1","T"
"B71","MG04_SRR306_5","E2",1,"MG04_SRR306","5","T"
"B71","MG04_SRR306_15","E2",1,"MG04_SRR306","15","T"
"B71","Ub012i_SRS2_7","T",1,"Ub012i_SRS2","7","T"
"BD-MAG","BD-MAG-381_3","T",1,"BD-MAG-381","3","T"
"Bd8401","Bd8401_S6_L_2","B2",1,"Bd8401_S6_L","2","B2"
"Bd8401","Bd8401_S6_L_8","B2",1,"Bd8401_S6_L","8","B2"
"Bd8401","Pr88165_CKD_4","P",1,"Pr88165_CKD","4","B2"
"Bd8401","Bd8401_S6_L_14","B2",1,"Bd8401_S6_L","14","B2"
"Bd8401","Bd8401_S6_L_13","B2",1,"Bd8401_S6_L","13","B2"
"Bd8401","Bd8401_S6_L_6","B2",1,"Bd8401_S6_L","6","B2"
"Bd8401","Bd8401_S6_L_3","B2",1,"Bd8401_S6_L","3","B2"
"Bd8401","Bd8401_S6_L_1","B2",1,"Bd8401_S6_L","1","B2"
"Bd8401","Pr8202_S3_L_4","P",1,"Pr8202_S3_L","4","B2"
"Bd8401","Bd8401_S6_L_12","B2",1,"Bd8401_S6_L","12","B2"
"Bd8401","Bd8401_S6_L_7","B2",1,"Bd8401_S6_L","7","B2"
"Bd8401","Bd8401_S6_L_5","B2",1,"Bd8401_S6_L","5","B2"
"Bd8401","Bd8401_S6_L_4","B2",1,"Bd8401_S6_L","4","B2"
"Bd8401","Bd8401_S6_L_11","B2",1,"Bd8401_S6_L","11","B2"
"BdBar","BdBar_S1_PE_3","T",1,"BdBar_S1_PE","3","T"
"BdBar","JA23NEX_CKD_15","E1",1,"JA23NEX_CKD","15","T"
"BdJes","BdJes_S2_2","T",1,"BdJes_S2","2","T"
"Bm8309","T3-1_L001_R_1","T",1,"T3-1_L001_R","1","B1"
"Bm8309","Bm8309_S1_L_1","B1",1,"Bm8309_S1_L","1","B1"
"Bm8309","Bm8309_S1_L_10","B1",1,"Bm8309_S1_L","10","B1"
"Bm8309","T3-1_L001_R_6","T",1,"T3-1_L001_R","6","B1"
"Bm8309","T3-1_L001_R_2","T",1,"T3-1_L001_R","2","B1"
"Bm8309","Bm88324_S1_3","B1",1,"Bm88324_S1","3","B1"
"Bm8309","Bm8309_S1_L_9","B1",1,"Bm8309_S1_L","9","B1"
"Bm8309","T3-1_L001_R_13","T",1,"T3-1_L001_R","13","B1"
"Bm8309","Bm8309_S1_L_2","B1",1,"Bm8309_S1_L","2","B1"
"Bm8309","Bm88324_S1_12","B1",1,"Bm88324_S1","12","B1"
"Bm8309","T3-1_L001_R_3","T",1,"T3-1_L001_R","3","B1"
"Bm8309","Bm8309_S1_L_8","B1",1,"Bm8309_S1_L","8","B1"
"Bm8309","Bm8309_S1_L_3","B1",1,"Bm8309_S1_L","3","B1"
"Bm8309","T3-1_L001_R_14","T",1,"T3-1_L001_R","14","B1"
"Bm8309","Bm88324_S1_1","B1",1,"Bm88324_S1","1","B1"
"Bm8309","Bm8309_S1_L_7","B1",1,"Bm8309_S1_L","7","B1"
"Bm8309","Bm8309_S1_L_6","B1",1,"Bm8309_S1_L","6","B1"
"Bm8309","T3-1_L001_R_7","T",1,"T3-1_L001_R","7","B1"
"Bm8309","T3-1_L001_R_9","T",1,"T3-1_L001_R","9","B1"
"Bm8309","Bm8309_S1_L_4","B1",1,"Bm8309_S1_L","4","B1"
"Bm8309","T3-1_L001_R_12","T",1,"T3-1_L001_R","12","B1"
"Bm88324","Bm88324_S1_6","B1",1,"Bm88324_S1","6","B1"
"Bm88324","Bm88324_S1_9","B1",1,"Bm88324_S1","9","B1"
"Bm88324","Bm88324_S1_11","B1",1,"Bm88324_S1","11","B1"
"Bm88324","T3-1_L001_R_9","T",1,"T3-1_L001_R","9","B1"
"Bm88324","T3-1_L001_R_2","T",1,"T3-1_L001_R","2","B1"
"Bm88324","Bm88324_S1_1","B1",1,"Bm88324_S1","1","B1"
"Bm88324","T3-1_L001_R_4","T",1,"T3-1_L001_R","4","B1"
"Bm88324","Bm88324_S1_5","B1",1,"Bm88324_S1","5","B1"
"Bm88324","T3-1_L001_R_1","T",1,"T3-1_L001_R","1","B1"
"Bm88324","Bm88324_S1_3","B1",1,"Bm88324_S1","3","B1"
"Bm88324","Bm88324_S1_12","B1",1,"Bm88324_S1","12","B1"
"Bm88324","T3-1_L001_R_7","T",1,"T3-1_L001_R","7","B1"
"Bm88324","Bm88324_S1_8","B1",1,"Bm88324_S1","8","B1"
"Bm88324","Bm88324_S1_7","B1",1,"Bm88324_S1","7","B1"
"Bm88324","Bm88324_S1_2","B1",1,"Bm88324_S1","2","B1"
"Bm88324","Bm88324_S1_15","B1",1,"Bm88324_S1","15","B1"
"Bm88324","Bm88324_S1_13","B1",1,"Bm88324_S1","13","B1"
"Bm88324","Bm8309_S1_L_9","B1",1,"Bm8309_S1_L","9","B1"
"Bm88324","Bm8309_S1_L_11","B1",1,"Bm8309_S1_L","11","B1"
"Bm88324","Bm88324_S1_14","B1",1,"Bm88324_S1","14","B1"
"Bm88324","Bm8309_S1_L_6","B1",1,"Bm8309_S1_L","6","B1"
"Br35","T30-2NEX_CK_9","T",1,"T30-2NEX_CK","9","B3"
"Br35","T13-3NEX_CK_14","T",1,"T13-3NEX_CK","14","B3"
"Br35","Br81_USPD16_1","T",1,"Br81_USPD16","1","B3"
"Br35","DSLiz_2","Pg",1,"DSLiz","2","B3"
"Br35","lib2-Psy5020_2","T",1,"lib2-Psy5020","2","B3"
"Br35","T-8_S9_4","T",1,"T-8_S9","4","B3"
"Br7","IE1K_S4_11","O",1,"IE1K_S4","11","T"
"Br7","U107_USPD16_10","O",1,"U107_USPD16","10","T"
"Br7","T-8_S9_7","T",1,"T-8_S9","7","T"
"Br7","FHNEX2_CKDL_2","L1",1,"FHNEX2_CKDL","2","T"
"Br7","T30-2NEX_CK_9","T",1,"T30-2NEX_CK","9","T"
"Br7","Bm88324_S1_6","B1",1,"Bm88324_S1","6","T"
"Br7","T13-3NEX_CK_14","T",1,"T13-3NEX_CK","14","T"
"Br80","T30-2NEX_CK_9","T",1,"T30-2NEX_CK","9","T"
"Br80","T13-3NEX_CK_1","T",1,"T13-3NEX_CK","1","T"
"Br80","T13-3NEX_CK_14","T",1,"T13-3NEX_CK","14","T"
"Br80","Br80_S1_L01_8","T",1,"Br80_S1_L01","8","T"
"Br80","Br80_S1_L01_6","T",1,"Br80_S1_L01","6","T"
"Br80","Br80_S1_L01_4","T",1,"Br80_S1_L01","4","T"
"Br81","AR4_1","Er",1,"AR4","1","T"
"Br81","Br81_USPD16_8","T",1,"Br81_USPD16","8","T"
"Br81","MG04_SRR306_5","E2",1,"MG04_SRR306","5","T"
"Br81","Br81_USPD16_1","T",1,"Br81_USPD16","1","T"
"Br81","U107_USPD16_12","O",1,"U107_USPD16","12","T"
"Br81","PtKY18-1_US_7","L1",1,"PtKY18-1_US","7","T"
"Br81","MG04_SRR306_15","E2",1,"MG04_SRR306","15","T"
"Br81","Br81_USPD16_3","T",1,"Br81_USPD16","3","T"
"Br81","Ub012i_SRS2_7","T",1,"Ub012i_SRS2","7","T"
"CD88215","Mo_S3_L001__2","O",1,"Mo_S3_L001_","2","C1"
"CD88215","CD88215_S1_12","C1",1,"CD88215_S1","12","C1"
"CD88215","CD88215_S1_8","C1",1,"CD88215_S1","8","C1"
"CD88215","CD88215_S1_7","C1",1,"CD88215_S1","7","C1"
"CD88215","CD88215_S1_2","C1",1,"CD88215_S1","2","C1"
"CD88215","CD88215_S1_9","C1",1,"CD88215_S1","9","C1"
"CD88215","CD88215_S1_13","C1",1,"CD88215_S1","13","C1"
"CD88215","CD88215_S1_6","C1",1,"CD88215_S1","6","C1"
"CD88215","Cd88217_USP_3","C1",1,"Cd88217_USP","3","C1"
"CD88215","CD88215_S1_5","C1",1,"CD88215_S1","5","C1"
"CD88215","CD88215_S1_10","C1",1,"CD88215_S1","10","C1"
"CD88215","CD88215_S1_11","C1",1,"CD88215_S1","11","C1"
"CD88215","Cd88217_USP_2","C1",1,"Cd88217_USP","2","C1"
"Cd88217","CD88215_S1_11","C1",1,"CD88215_S1","11","C1"
"Cd88217","CD88215_S1_5","C1",1,"CD88215_S1","5","C1"
"Cd88217","CD88215_S1_8","C1",1,"CD88215_S1","8","C1"
"Cd88217","CD88215_S1_4","C1",1,"CD88215_S1","4","C1"
"Cd88217","Cd88217_USP_4","C1",1,"Cd88217_USP","4","C1"
"Cd88217","Mo_S3_L001__2","O",1,"Mo_S3_L001_","2","C1"
"Cd88217","Cd88217_USP_2","C1",1,"Cd88217_USP","2","C1"
"Cd88217","CD88215_S1_3","C1",1,"CD88215_S1","3","C1"
"Cd88217","CD88215_S1_12","C1",1,"CD88215_S1","12","C1"
"Cd88217","Cd88217_USP_3","C1",1,"Cd88217_USP","3","C1"
"Ce88443","T4-2_L001_R_6","T",1,"T4-2_L001_R","6","Ce"
"Ce88443","Lc8401_S2_L_2","Ec",1,"Lc8401_S2_L","2","Ce"
"Ce88443","T4-2_L001_R_2","T",1,"T4-2_L001_R","2","Ce"
"Ce88443","Pd88413_MF3_12","Ec",1,"Pd88413_MF3","12","Ce"
"Ce88443","Ce88443_USP_3","Ce",1,"Ce88443_USP","3","Ce"
"Ce88443","Lc8401_S2_L_5","Ec",1,"Lc8401_S2_L","5","Ce"
"Ce88443","T4-2_L001_R_3","T",1,"T4-2_L001_R","3","Ce"
"Ce88443","Ce88443_USP_2","Ce",1,"Ce88443_USP","2","Ce"
"Ce88443","Pd88413_MF3_2","Ec",1,"Pd88413_MF3","2","Ce"
"Ce88443","T4-2_L001_R_9","T",1,"T4-2_L001_R","9","Ce"
"Ce88443","Pd88413_MF3_9","Ec",1,"Pd88413_MF3","9","Ce"
"Ce88443","Pd88413_MF3_6","Ec",1,"Pd88413_MF3","6","Ce"
"Ce88443","T4-2_L001_R_12","T",1,"T4-2_L001_R","12","Ce"
"Ce88443","Pd88413_MF3_3","Ec",1,"Pd88413_MF3","3","Ce"
"Ds363","Ds363_SRS26_3","Ec",1,"Ds363_SRS26","3","Ec"
"Ds363","Ds363_SRS26_1","Ec",1,"Ds363_SRS26","1","Ec"
"Ds363","Ds363_SRS26_12","Ec",1,"Ds363_SRS26","12","Ec"
"Ds363","Ds555i_SRS2_8","L1",1,"Ds555i_SRS2","8","Ec"
"Ds363","Ds363_SRS26_15","Ec",1,"Ds363_SRS26","15","Ec"
"Ds363","Ds363_SRS26_13","Ec",1,"Ds363_SRS26","13","Ec"
"Ds363","Ds363_SRS26_14","Ec",1,"Ds363_SRS26","14","Ec"
"Ds363","Ds363_SRS26_17","Ec",1,"Ds363_SRS26","17","Ec"
"Ds363","Ds363_SRS26_9","Ec",1,"Ds363_SRS26","9","Ec"
"Ds363","Ds363_SRS26_4","Ec",1,"Ds363_SRS26","4","Ec"
"Ds363","Ds363_SRS26_16","Ec",1,"Ds363_SRS26","16","Ec"
"Ds363","Ds363_SRS26_8","Ec",1,"Ds363_SRS26","8","Ec"
"Ds363","Ds363_SRS26_11","Ec",1,"Ds363_SRS26","11","Ec"
"Ds363","Ds363_SRS26_10","Ec",1,"Ds363_SRS26","10","Ec"
"Ds363","Ds363_SRS26_7","Ec",1,"Ds363_SRS26","7","Ec"
"Ds363","Ds363_SRS26_5","Ec",1,"Ds363_SRS26","5","Ec"
"Ds363","PL2-1_S4_L0_1","L1",1,"PL2-1_S4_L0","1","Ec"
"Ds555i","Ds555i_SRS2_2","L1",1,"Ds555i_SRS2","2","L1"
"Ds555i","Ds555i_SRS2_9","L1",1,"Ds555i_SRS2","9","L1"
"Ds555i","Ds555i_SRS2_12","L1",1,"Ds555i_SRS2","12","L1"
"Ds555i","Ds555i_SRS2_3","L1",1,"Ds555i_SRS2","3","L1"
"Ds555i","Ds555i_SRS2_4","L1",1,"Ds555i_SRS2","4","L1"
"Ds555i","Ds555i_SRS2_7","L1",1,"Ds555i_SRS2","7","L1"
"Ds555i","Ds555i_SRS2_6","L1",1,"Ds555i_SRS2","6","L1"
"DSLiz","DSLiz_4","Pg",1,"DSLiz","4","Pg"
"DSLiz","DSLiz_2","Pg",1,"DSLiz","2","Pg"
"DSLiz","DSLiz_12","Pg",1,"DSLiz","12","Pg"
"DSLiz","DSLiz_15","Pg",1,"DSLiz","15","Pg"
"DSLiz","lib2-Psy5020_2","T",1,"lib2-Psy5020","2","Pg"
"DSLiz","DSLiz_3","Pg",1,"DSLiz","3","Pg"
"DSLiz","DSLiz_1","Pg",1,"DSLiz","1","Pg"
"DSLiz","U167_7","D",1,"U167","7","Pg"
"DSLiz","FR13_S3_L00_12","O",1,"FR13_S3_L00","12","Pg"
"DSLiz","U170_11","Pg",1,"U170","11","Pg"
"DSLiz","DSLiz_9","Pg",1,"DSLiz","9","Pg"
"DSLiz","DSLiz_8","Pg",1,"DSLiz","8","Pg"
"DSLiz","DSLiz_10","Pg",1,"DSLiz","10","Pg"
"DSLiz","JA23NEX_CKD_15","E1",1,"JA23NEX_CKD","15","Pg"
"DSLiz","U170_8","Pg",1,"U170","8","Pg"
"DSLiz","DSLiz_6","Pg",1,"DSLiz","6","Pg"
"DSLiz","DSLiz_7","Pg",1,"DSLiz","7","Pg"
"DSLiz","DSLiz_5","Pg",1,"DSLiz","5","Pg"
"Ecrus326","T30-2NEX_CK_9","T",1,"T30-2NEX_CK","9","L1"
"Ecrus326","JA23NEX_CKD_15","E1",1,"JA23NEX_CKD","15","L1"
"Ecrus326","T13-3NEX_CK_14","T",1,"T13-3NEX_CK","14","L1"
"Ecrus326","Ecrus326_L0_4","L1",1,"Ecrus326_L0","4","L1"
"Ecrus326","Ecrus326_L0_7","L1",1,"Ecrus326_L0","7","L1"
"Ecrus326","HO_S3_L001_3","L1",1,"HO_S3_L001","3","L1"
"Ecrus326","IB49_S2_L00_16","O",1,"IB49_S2_L00","16","L1"
"Ecrus326","Ecrus326_L0_8","L1",1,"Ecrus326_L0","8","L1"
"Ecrus326","T13-3NEX_CK_7","T",1,"T13-3NEX_CK","7","L1"
"Ecrus326","T-8_S9_4","T",1,"T-8_S9","4","L1"
"Ei534i","T13-3NEX_CK_15","T",1,"T13-3NEX_CK","15","T"
"Ei534i","Ei534i_SRS5_5","T",1,"Ei534i_SRS5","5","T"
"Ei8303","Guy11_S5_5","O",1,"Guy11_S5","5","E1"
"Ei8303","Ei8927_S5_5","E1",1,"Ei8927_S5","5","E1"
"Ei8303","Ei8303_S2_3","E1",1,"Ei8303_S2","3","E1"
"Ei8303","U231_USPD16_3","E1",1,"U231_USPD16","3","E1"
"Ei8303","U169_3","E",1,"U169","3","E1"
"Ei8303","Ei8927_S5_2","E1",1,"Ei8927_S5","2","E1"
"Ei8303","U229_S4_L00_2","E1",1,"U229_S4_L00","2","E1"
"Ei8303","Ei88424_S3__8","Ec",1,"Ei88424_S3_","8","E1"
"Ei88365","U231_USPD16_3","E1",1,"U231_USPD16","3","E1"
"Ei88365","U229_S4_L00_2","E1",1,"U229_S4_L00","2","E1"
"Ei88365","Ei8927_S5_5","E1",1,"Ei8927_S5","5","E1"
"Ei88365","Ei8927_S5_2","E1",1,"Ei8927_S5","2","E1"
"Ei88365","Ei88424_S3__8","Ec",1,"Ei88424_S3_","8","E1"
"Ei88365","U169_3","E",1,"U169","3","E1"
"Ei88424","Ei8927_S5_2","E1",1,"Ei8927_S5","2","Ec"
"Ei88424","U169_3","E",1,"U169","3","Ec"
"Ei88424","Ei88424_S3__5","Ec",1,"Ei88424_S3_","5","Ec"
"Ei88424","Ei88424_S3__7","Ec",1,"Ei88424_S3_","7","Ec"
"Ei88424","Ei88424_S3__6","Ec",1,"Ei88424_S3_","6","Ec"
"Ei8927","Ei8927_S5_5","E1",1,"Ei8927_S5","5","E1"
"Ei8927","U231_USPD16_3","E1",1,"U231_USPD16","3","E1"
"Ei8927","Ei88424_S3__8","Ec",1,"Ei88424_S3_","8","E1"
"Ei8927","U229_S4_L00_2","E1",1,"U229_S4_L00","2","E1"
"Ei8927","Ei8927_S5_2","E1",1,"Ei8927_S5","2","E1"
"Ei8927","U169_3","E",1,"U169","3","E1"
"EtKY19","EtKY19_1_CK_5","Er",1,"EtKY19_1_CK","5","Er"
"EtKY19","G17_S2_L002_3","Er",1,"G17_S2_L002","3","Er"
"EtKY19","EtKY19_1_CK_2","Er",1,"EtKY19_1_CK","2","Er"
"EtKY19","EtKY19_1_CK_6","Er",1,"EtKY19_1_CK","6","Er"
"EtKY19","EtKY19_1_CK_7","Er",1,"EtKY19_1_CK","7","Er"
"FPH-2015-44","FPH-2015-44_5","H",1,"FPH-2015-44","5","H"
"FPH-2015-44","Mo_S3_L001__2","O",1,"Mo_S3_L001_","2","H"
"FPH-2015-44","Br81_USPD16_3","T",1,"Br81_USPD16","3","H"
"FPH-2015-44","B51_S2_L001_3","E1",1,"B51_S2_L001","3","H"
"FR13","U75_12","O",1,"U75","12","O"
"FR13","U75_7","O",1,"U75","7","O"
"FR13","U167_7","D",1,"U167","7","O"
"FR13","SSID116_5","O",1,"SSID116","5","O"
"FR13","U198_USPD16_2","O",1,"U198_USPD16","2","O"
"FR13","ML33_1__4","O",1,"ML33_1_","4","O"
"FR13","1A1_S1_L001_16","O",1,"1A1_S1_L001","16","O"
"FR13","U107_USPD16_7","O",1,"U107_USPD16","7","O"
"FR13","FR13_S3_L00_2","O",1,"FR13_S3_L00","2","O"
"FR13","FR13_S3_L00_10","O",1,"FR13_S3_L00","10","O"
"FR13","1A1_S1_L001_4","O",1,"1A1_S1_L001","4","O"
"FR13","FR13_S3_L00_8","O",1,"FR13_S3_L00","8","O"
"FR13","FR13_S3_L00_9","O",1,"FR13_S3_L00","9","O"
"FR13","FR13_S3_L00_14","O",1,"FR13_S3_L00","14","O"
"FR13","FR13_S3_L00_11","O",1,"FR13_S3_L00","11","O"
"FR13","FR13_S3_L00_12","O",1,"FR13_S3_L00","12","O"
"FR13","FR13_S3_L00_1","O",1,"FR13_S3_L00","1","O"
"FR13","DSLiz_3","Pg",1,"DSLiz","3","O"
"FR13","FR13_S3_L00_3","O",1,"FR13_S3_L00","3","O"
"FR13","U75_1","O",1,"U75","1","O"
"FR13","FR13_S3_L00_15","O",1,"FR13_S3_L00","15","O"
"FR13","FR13_S3_L00_13","O",1,"FR13_S3_L00","13","O"
"FR13","FR13_S3_L00_4","O",1,"FR13_S3_L00","4","O"
"FR13","1A1_S1_L001_2","O",1,"1A1_S1_L001","2","O"
"FR13","FR13_S3_L00_7","O",1,"FR13_S3_L00","7","O"
"FR13","U170_11","Pg",1,"U170","11","O"
"FR13","FR13_S3_L00_16","O",1,"FR13_S3_L00","16","O"
"FR13","ML33_S2_L00_3","O",1,"ML33_S2_L00","3","O"
"FR13","FR13_S3_L00_5","O",1,"FR13_S3_L00","5","O"
"FR13","FR13_S3_L00_6","O",1,"FR13_S3_L00","6","O"
"G17","G17_S2_L002_3","Er",1,"G17_S2_L002","3","Er"
"G22","G22_S1_3","E2",1,"G22_S1","3","E2"
"G22","G22_S1_2","E2",1,"G22_S1","2","E2"
"G22","G22_S1_8","E2",1,"G22_S1","8","E2"
"G22","G22_S1_5","E2",1,"G22_S1","5","E2"
"G22","AR4_2","Er",1,"AR4","2","E2"
"G22","G22_S1_10","E2",1,"G22_S1","10","E2"
"G22","U235_USPD16_8","L1",1,"U235_USPD16","8","E2"
"G22","AR4_USPD160_3","Er",1,"AR4_USPD160","3","E2"
"G22","G22_S1_12","E2",1,"G22_S1","12","E2"
"GG11","G22_S1_2","E2",1,"G22_S1","2","L1"
"GG11","GG11_S2_L00_6","L1",1,"GG11_S2_L00","6","L1"
"GG11","GG11_S2_L00_2","L1",1,"GG11_S2_L00","2","L1"
"GG11","GG11_S2_L00_7","L1",1,"GG11_S2_L00","7","L1"
"GG11","Ecrus326_L0_9","L1",1,"Ecrus326_L0","9","L1"
"GRF52","T13-3NEX_CK_15","T",1,"T13-3NEX_CK","15","S"
"GRF52","G22_S1_13","E2",1,"G22_S1","13","S"
"GRF52","T50-3NEX_CK_3","T",1,"T50-3NEX_CK","3","S"
"GRF52","T13-3NEX_CK_10","T",1,"T13-3NEX_CK","10","S"
"GRF52","T-8_S9_4","T",1,"T-8_S9","4","S"
"GRF52","GFRF52_S2_L0_1","S",1,"GFRF52_S2_L0","1","S"
"GRF52","Bm88324_S1_14","B1",1,"Bm88324_S1","14","S"
"GRF52","Lh8401_S2_21","Le",1,"Lh8401_S2","21","S"
"GRF52","GFRF52_S2_L0_5","S",1,"GFRF52_S2_L0","5","S"
"GRF52","GFRF52_S2_L0_6","S",1,"GFRF52_S2_L0","6","S"
"GRF52","GFRF52_S2_L0_3","S",1,"GFRF52_S2_L0","3","S"
"GRF52","GFRF52_S2_L0_4","S",1,"GFRF52_S2_L0","4","S"
"GRF52","IB49_S2_L00_16","O",1,"IB49_S2_L00","16","S"
"GRF52","GFRF52_S2_L0_12","S",1,"GFRF52_S2_L0","12","S"
"GRF52","GFRF52_S2_L0_8","S",1,"GFRF52_S2_L0","8","S"
"GRF52","GFRF52_S2_L0_11","S",1,"GFRF52_S2_L0","11","S"
"GRF52","Br81_USPD16_3","T",1,"Br81_USPD16","3","S"
"GRF52","GFRF52_S2_L0_22","S",1,"GFRF52_S2_L0","22","S"
"GRF52","GFRF52_S2_L0_25","S",1,"GFRF52_S2_L0","25","S"
"GRF52","T30-2NEX_CK_5","T",1,"T30-2NEX_CK","5","S"
"GRF52","T30-2NEX_CK_8","T",1,"T30-2NEX_CK","8","S"
"GRF52","TEF_S6_L001_2","Er",1,"TEF_S6_L001","2","S"
"GRF52","TEF_S6_L001_5","Er",1,"TEF_S6_L001","5","S"
"GRF52","TEF_S6_L001_8","Er",1,"TEF_S6_L001","8","S"
"GRF52","TEF_S6_L001_10","Er",1,"TEF_S6_L001","10","S"
"GRF52","GFRF52_S2_L0_18","S",1,"GFRF52_S2_L0","18","S"
"GRF52","GFRF52_S2_L0_13","S",1,"GFRF52_S2_L0","13","S"
"GRF52","GFRF52_S2_L0_14","S",1,"GFRF52_S2_L0","14","S"
"GRF52","GFRF52_S2_L0_16","S",1,"GFRF52_S2_L0","16","S"
"GRF52","1C17_S3_5","O",1,"1C17_S3","5","S"
"GRF52","1C17_S3_4","O",1,"1C17_S3","4","S"
"Guy11","Mo_S3_L001__5","O",1,"Mo_S3_L001_","5","O"
"Guy11","Mo_S3_L001__6","O",1,"Mo_S3_L001_","6","O"
"Guy11","Mo_S3_L001__1","O",1,"Mo_S3_L001_","1","O"
"Guy11","Mo_S3_L001__4","O",1,"Mo_S3_L001_","4","O"
"Guy11","Guy11_S4_L0_4","O",1,"Guy11_S4_L0","4","O"
"Guy11","Guy11_S4_L0_5","O",1,"Guy11_S4_L0","5","O"
"Guy11","Mo_S3_L001__7","O",1,"Mo_S3_L001_","7","O"
"Guy11","Guy11_S4_L0_10","O",1,"Guy11_S4_L0","10","O"
"Guy11","Guy11_S4_L0_11","O",1,"Guy11_S4_L0","11","O"
"Guy11","Guy11_S5_8","O",1,"Guy11_S5","8","O"
"Guy11","Guy11_S5_10","O",1,"Guy11_S5","10","O"
"Guy11","Guy11_S4_L0_6","O",1,"Guy11_S4_L0","6","O"
"Guy11","AR4_3","Er",1,"AR4","3","O"
"Guy11","Guy11_S4_L0_3","O",1,"Guy11_S4_L0","3","O"
"Guy11","Mo_S3_L001__10","O",1,"Mo_S3_L001_","10","O"
"Guy11","Guy11_S5_1","O",1,"Guy11_S5","1","O"
"Guy11","Guy11_S5_6","O",1,"Guy11_S5","6","O"
"Guy11","Guy11_S5_7","O",1,"Guy11_S5","7","O"
"Guy11","Mo_S3_L001__9","O",1,"Mo_S3_L001_","9","O"
"Guy11","Guy11_S5_5","O",1,"Guy11_S5","5","O"
"Guy11","Mo_S3_L001__12","O",1,"Mo_S3_L001_","12","O"
"Guy11","Ei8927_S5_5","E1",1,"Ei8927_S5","5","O"
"Guy11","Guy11_S4_L0_7","O",1,"Guy11_S4_L0","7","O"
"Guy11","Guy11_S5_2","O",1,"Guy11_S5","2","O"
"Guy11","Guy11_S4_L0_8","O",1,"Guy11_S4_L0","8","O"
"Guy11","Guy11_S4_L0_9","O",1,"Guy11_S4_L0","9","O"
"Guy11","Guy11_S5_4","O",1,"Guy11_S5","4","O"
"HO","LpKY-97-1_S_2","L1",1,"LpKY-97-1_S","2","L1"
"HO","WB127_PE_L0_3","T",1,"WB127_PE_L0","3","L1"
"HO","HO_S3_L001_3","L1",1,"HO_S3_L001","3","L1"
"HO","LibP29_S2_L_2","T",1,"LibP29_S2_L","2","L1"
"HO","T50-3NEX_CK_5","T",1,"T50-3NEX_CK","5","L1"
"HO","U235_USPD16_3","L1",1,"U235_USPD16","3","L1"
"HO","WB169_PE_L0_2","T",1,"WB169_PE_L0","2","L1"
"HO","PL2-1_S4_L0_2","L1",1,"PL2-1_S4_L0","2","L1"
"HO","Ecrus326_L0_9","L1",1,"Ecrus326_L0","9","L1"
"HO","T21-1NEX_CK_9","T",1,"T21-1NEX_CK","9","L1"
"HO","T25_S1_L001_1","T",1,"T25_S1_L001","1","L1"
"IB33","IB33_S3_3","O",1,"IB33_S3","3","O"
"IB33","IB33_S3_6","O",1,"IB33_S3","6","O"
"IB33","IB33_S3_8","O",1,"IB33_S3","8","O"
"IB33","IB33_S3_4","O",1,"IB33_S3","4","O"
"IB33","IB33_S3_5","O",1,"IB33_S3","5","O"
"IB33","IB33_S3_7","O",1,"IB33_S3","7","O"
"IB49","IB49_S2_L00_12","O",1,"IB49_S2_L00","12","O"
"IB49","IB49_S2_L00_13","O",1,"IB49_S2_L00","13","O"
"IB49","IB49_S2_L00_15","O",1,"IB49_S2_L00","15","O"
"IB49","IB49_S2_L00_11","O",1,"IB49_S2_L00","11","O"
"IB49","IB49_S2_L00_14","O",1,"IB49_S2_L00","14","O"
"IB49","IB49_S2_L00_3","O",1,"IB49_S2_L00","3","O"
"IB49","IB49_S2_L00_2","O",1,"IB49_S2_L00","2","O"
"IB49","IB49_S2_L00_8","O",1,"IB49_S2_L00","8","O"
"IB49","Br81_USPD16_7","T",1,"Br81_USPD16","7","O"
"IB49","IB49_S2_L00_4","O",1,"IB49_S2_L00","4","O"
"IB49","IB49_S2_L00_1","O",1,"IB49_S2_L00","1","O"
"IB49","IB49_S2_L00_5","O",1,"IB49_S2_L00","5","O"
"IB49","IB49_S2_L00_10","O",1,"IB49_S2_L00","10","O"
"IB49","Guy11_S5_5","O",1,"Guy11_S5","5","O"
"IB49","GFRF52_S2_L0_24","S",1,"GFRF52_S2_L0","24","O"
"IB49","IB49_S2_L00_6","O",1,"IB49_S2_L00","6","O"
"IB49","IB49_S2_L00_7","O",1,"IB49_S2_L00","7","O"
"IB49","T3-1_L001_R_17","T",1,"T3-1_L001_R","17","O"
"IC17","1C17_S3_1","O",1,"1C17_S3","1","O"
"IC17","IE1K_S4_1","O",1,"IE1K_S4","1","O"
"IC17","1C17_S3_3","O",1,"1C17_S3","3","O"
"IC17","IE1K_S4_3","O",1,"IE1K_S4","3","O"
"IE1K","Mo_S3_L001__2","O",1,"Mo_S3_L001_","2","O"
"IE1K","IE1K_S4_1","O",1,"IE1K_S4","1","O"
"IE1K","IE1K_S4_8","O",1,"IE1K_S4","8","O"
"IE1K","IE1K_S4_5","O",1,"IE1K_S4","5","O"
"IE1K","IE1K_S4_6","O",1,"IE1K_S4","6","O"
"IE1K","IE1K_S4_4","O",1,"IE1K_S4","4","O"
"IE1K","1C17_S3_1","O",1,"1C17_S3","1","O"
"IE1K","IE1K_S4_2","O",1,"IE1K_S4","2","O"
"IE1K","IE1K_S4_3","O",1,"IE1K_S4","3","O"
"IE1K","Lh88405_CKD_9","Le",1,"Lh88405_CKD","9","O"
"JP29","G22_S1_12","E2",1,"G22_S1","12","Er"
"JP29","G22_S1_8","E2",1,"G22_S1","8","Er"
"JP29","AR4_2","Er",1,"AR4","2","Er"
"JP29","G22_S1_5","E2",1,"G22_S1","5","Er"
"JP29","G22_S1_3","E2",1,"G22_S1","3","Er"
"JP29","G22_S1_2","E2",1,"G22_S1","2","Er"
"JP29","AR4_USPD160_3","Er",1,"AR4_USPD160","3","Er"
"JP29","U235_USPD16_8","L1",1,"U235_USPD16","8","Er"
"Lc8401","Lc8401_S2_L_3","Ec",1,"Lc8401_S2_L","3","Ec"
"Lc8401","Lc8401_S2_L_2","Ec",1,"Lc8401_S2_L","2","Ec"
"Lc8401","Lc8401_S2_L_5","Ec",1,"Lc8401_S2_L","5","Ec"
"Lc8401","Lc8401_S2_L_4","Ec",1,"Lc8401_S2_L","4","Ec"
"Lc8401","Lc8401_S2_L_1","Ec",1,"Lc8401_S2_L","1","Ec"
"Lc8401","Br81_USPD16_7","T",1,"Br81_USPD16","7","Ec"
"Lc8401","T4-2_L001_R_3","T",1,"T4-2_L001_R","3","Ec"
"Lc8401","Pd88413_MF3_8","Ec",1,"Pd88413_MF3","8","Ec"
"Lc8401","T50-3NEX_CK_3","T",1,"T50-3NEX_CK","3","Ec"
"Lc8401","Pd88413_MF3_2","Ec",1,"Pd88413_MF3","2","Ec"
"Lc8401","T4-2_L001_R_2","T",1,"T4-2_L001_R","2","Ec"
"Lc8401","T4-2_L001_R_8","T",1,"T4-2_L001_R","8","Ec"
"Lc8401","Pd88413_MF3_3","Ec",1,"Pd88413_MF3","3","Ec"
"Lc8401","Lc8401_S2_L_10","Ec",1,"Lc8401_S2_L","10","Ec"
"Lc8401","Lc8401_S2_L_6","Ec",1,"Lc8401_S2_L","6","Ec"
"Lc8401","Lc8401_S2_L_9","Ec",1,"Lc8401_S2_L","9","Ec"
"Lh8401","Lh8401_S2_5","Le",1,"Lh8401_S2","5","Le"
"Lh8401","Lh8401_S2_17","Le",1,"Lh8401_S2","17","Le"
"Lh8401","Lh8401_S2_6","Le",1,"Lh8401_S2","6","Le"
"Lh8401","Lh8401_S2_3","Le",1,"Lh8401_S2","3","Le"
"Lh8401","Lh8401_S2_16","Le",1,"Lh8401_S2","16","Le"
"Lh8401","Lh8401_S2_2","Le",1,"Lh8401_S2","2","Le"
"Lh8401","Lh8401_S2_4","Le",1,"Lh8401_S2","4","Le"
"Lh8401","Lh88405_CKD_5","Le",1,"Lh88405_CKD","5","Le"
"Lh8401","Lh8401_S2_11","Le",1,"Lh8401_S2","11","Le"
"Lh8401","Lh8401_S2_18","Le",1,"Lh8401_S2","18","Le"
"Lh8401","Lh8401_S2_8","Le",1,"Lh8401_S2","8","Le"
"Lh8401","Lh8401_S2_9","Le",1,"Lh8401_S2","9","Le"
"Lh8401","Lh8401_S2_15","Le",1,"Lh8401_S2","15","Le"
"Lh8401","Lh8401_S2_14","Le",1,"Lh8401_S2","14","Le"
"Lh8401","Lh8401_S2_1","Le",1,"Lh8401_S2","1","Le"
"Lh8401","Lh8401_S2_19","Le",1,"Lh8401_S2","19","Le"
"Lh8401","Lh8401_S2_10","Le",1,"Lh8401_S2","10","Le"
"Lh8401","T50-3NEX_CK_3","T",1,"T50-3NEX_CK","3","Le"
"Lh8401","G22_S1_13","E2",1,"G22_S1","13","Le"
"Lh8401","Lh8401_S2_20","Le",1,"Lh8401_S2","20","Le"
"Lh8401","Lh8401_S2_13","Le",1,"Lh8401_S2","13","Le"
"Lh8401","Lh8401_S2_12","Le",1,"Lh8401_S2","12","Le"
"Lh88405","Lh8401_S2_6","Le",1,"Lh8401_S2","6","Le"
"Lh88405","Lh8401_S2_3","Le",1,"Lh8401_S2","3","Le"
"Lh88405","IE1K_S4_8","O",1,"IE1K_S4","8","Le"
"Lh88405","Lh8401_S2_2","Le",1,"Lh8401_S2","2","Le"
"Lh88405","Lh88405_CKD_2","Le",1,"Lh88405_CKD","2","Le"
"Lh88405","T13-3NEX_CK_13","T",1,"T13-3NEX_CK","13","Le"
"Lh88405","Lh8401_S2_13","Le",1,"Lh8401_S2","13","Le"
"Lh88405","T50-3NEX_CK_3","T",1,"T50-3NEX_CK","3","Le"
"Lh88405","Lh8401_S2_19","Le",1,"Lh8401_S2","19","Le"
"Lh88405","Lh88405_CKD_9","Le",1,"Lh88405_CKD","9","Le"
"Lh88405","Lh88405_CKD_6","Le",1,"Lh88405_CKD","6","Le"
"Lh88405","Lh8401_S2_14","Le",1,"Lh8401_S2","14","Le"
"Lh88405","Lh88405_CKD_8","Le",1,"Lh88405_CKD","8","Le"
"Lh88405","Lh88405_CKD_4","Le",1,"Lh88405_CKD","4","Le"
"Lh88405","Lh88405_CKD_7","Le",1,"Lh88405_CKD","7","Le"
"Lh88405","Lh88405_CKD_3","Le",1,"Lh88405_CKD","3","Le"
"Lh88405","Lh88405_CKD_5","Le",1,"Lh88405_CKD","5","Le"
"Lh8844","Lh8401_S2_10","Le",1,"Lh8401_S2","10","Le"
"Lh8844","Lh8401_S2_13","Le",1,"Lh8401_S2","13","Le"
"Lh8844","Lh8401_S2_14","Le",1,"Lh8401_S2","14","Le"
"Lh8844","Lh8401_S2_15","Le",1,"Lh8401_S2","15","Le"
"Lh8844","Lh8401_S2_9","Le",1,"Lh8401_S2","9","Le"
"Lh8844","Lh8401_S2_8","Le",1,"Lh8401_S2","8","Le"
"Lh8844","Lh8401_S2_4","Le",1,"Lh8401_S2","4","Le"
"Lh8844","Lh8401_S2_16","Le",1,"Lh8401_S2","16","Le"
"Lh8844","Lh88405_CKD_5","Le",1,"Lh88405_CKD","5","Le"
"Lh8844","Lh8401_S2_5","Le",1,"Lh8401_S2","5","Le"
"Lh8844","Lh8401_S2_3","Le",1,"Lh8401_S2","3","Le"
"Lh8844","Lh8401_S2_2","Le",1,"Lh8401_S2","2","Le"
"Lh8844","Lh8401_S2_20","Le",1,"Lh8401_S2","20","Le"
"LpKY97","LpKY-97-1_S_3","L1",1,"LpKY-97-1_S","3","L1"
"LpKY97","LpKY-97-1_S_2","L1",1,"LpKY-97-1_S","2","L1"
"LpKY97","WB127_PE_L0_3","T",1,"WB127_PE_L0","3","L1"
"LpKY97","LibP29_S2_L_2","T",1,"LibP29_S2_L","2","L1"
"LpKY97","PL2-1_S4_L0_2","L1",1,"PL2-1_S4_L0","2","L1"
"LpKY97","LpKY-97-1_S_5","L1",1,"LpKY-97-1_S","5","L1"
"LpKY97","T25_S1_L001_1","T",1,"T25_S1_L001","1","L1"
"LpKY97","WB169_PE_L0_2","T",1,"WB169_PE_L0","2","L1"
"LpKY97","T21-1NEX_CK_9","T",1,"T21-1NEX_CK","9","L1"
"LpKY97","U235_USPD16_3","L1",1,"U235_USPD16","3","L1"
"LpKY97","T50-3NEX_CK_5","T",1,"T50-3NEX_CK","5","L1"
"MG04","MG04_SRR306_12","E2",1,"MG04_SRR306","12","E2"
"MG04","MG04_SRR306_8","E2",1,"MG04_SRR306","8","E2"
"MG04","MG04_SRR306_2","E2",1,"MG04_SRR306","2","E2"
"MG04","MG04_SRR306_7","E2",1,"MG04_SRR306","7","E2"
"MG04","MG04_SRR306_10","E2",1,"MG04_SRR306","10","E2"
"MG04","MG04_SRR306_11","E2",1,"MG04_SRR306","11","E2"
"MG04","Ub012i_SRS2_7","T",1,"Ub012i_SRS2","7","E2"
"MG04","MG04_SRR306_15","E2",1,"MG04_SRR306","15","E2"
"MG04","MG04_SRR306_3","E2",1,"MG04_SRR306","3","E2"
"MG04","AR4_1","Er",1,"AR4","1","E2"
"MG04","MG04_SRR306_6","E2",1,"MG04_SRR306","6","E2"
"MG04","MG04_SRR306_5","E2",1,"MG04_SRR306","5","E2"
"MLF36","Br81_USPD16_7","T",1,"Br81_USPD16","7","Pp"
"P28","P28_S1_L001_3","L1",1,"P28_S1_L001","3","L1"
"P28","B51_S2_L001_3","E1",1,"B51_S2_L001","3","L1"
"P28","T-8_S9_4","T",1,"T-8_S9","4","L1"
"P28","P28_S1_L001_4","L1",1,"P28_S1_L001","4","L1"
"P28","P1L1-2_S3_L_9","L",1,"P1L1-2_S3_L","9","L1"
"P28","Br81_USPD16_3","T",1,"Br81_USPD16","3","L1"
"P28","U234_USPD16_3","L1",1,"U234_USPD16","3","L1"
"P28","U235_USPD16_2","L1",1,"U235_USPD16","2","L1"
"P28","T13-3NEX_CK_15","T",1,"T13-3NEX_CK","15","L1"
"P28","P28_3","L1",1,"P28","3","L1"
"P28","T30-2NEX_CK_8","T",1,"T30-2NEX_CK","8","L1"
"P3","Mo_S3_L001__2","O",1,"Mo_S3_L001_","2","T"
"P3","P3_7","T",1,"P3","7","T"
"P3","Lh8401_S2_21","Le",1,"Lh8401_S2","21","T"
"P3","Ub012i_SRS2_7","T",1,"Ub012i_SRS2","7","T"
"P3","DSLiz_2","Pg",1,"DSLiz","2","T"
"P3","lib2-Psy5020_2","T",1,"lib2-Psy5020","2","T"
"P3","MG04_SRR306_15","E2",1,"MG04_SRR306","15","T"
"P3","T-8_S9_4","T",1,"T-8_S9","4","T"
"P3","T13-3NEX_CK_1","T",1,"T13-3NEX_CK","1","T"
"P3","MG04_SRR306_5","E2",1,"MG04_SRR306","5","T"
"Pd88413","T3-1_L001_R_15","T",1,"T3-1_L001_R","15","Ec"
"Pd88413","T4-2_L001_R_10","T",1,"T4-2_L001_R","10","Ec"
"Pd88413","Lc8401_S2_L_10","Ec",1,"Lc8401_S2_L","10","Ec"
"Pd88413","T4-2_L001_R_9","T",1,"T4-2_L001_R","9","Ec"
"Pd88413","T4-2_L001_R_11","T",1,"T4-2_L001_R","11","Ec"
"Pd88413","Lc8401_S2_L_2","Ec",1,"Lc8401_S2_L","2","Ec"
"Pd88413","Pd88413_MF3_10","Ec",1,"Pd88413_MF3","10","Ec"
"Pd88413","Pd88413_MF3_7","Ec",1,"Pd88413_MF3","7","Ec"
"Pd88413","T4-2_L001_R_7","T",1,"T4-2_L001_R","7","Ec"
"Pd88413","Pd88413_MF3_5","Ec",1,"Pd88413_MF3","5","Ec"
"Pd88413","E-3-S7_L001_1","E2",1,"E-3-S7_L001","1","Ec"
"Pd88413","T4-2_L001_R_1","T",1,"T4-2_L001_R","1","Ec"
"Pd88413","T4-2_L001_R_13","T",1,"T4-2_L001_R","13","Ec"
"Pd88413","Pd88413_MF3_8","Ec",1,"Pd88413_MF3","8","Ec"
"Pd88413","Pd88413_MF3_9","Ec",1,"Pd88413_MF3","9","Ec"
"Pd88413","Pd88413_MF3_6","Ec",1,"Pd88413_MF3","6","Ec"
"Pd88413","Pd88413_MF3_15","Ec",1,"Pd88413_MF3","15","Ec"
"Pd88413","T4-2_L001_R_14","T",1,"T4-2_L001_R","14","Ec"
"Pd88413","Pd88413_MF3_20","Ec",1,"Pd88413_MF3","20","Ec"
"Pd88413","T4-2_L001_R_12","T",1,"T4-2_L001_R","12","Ec"
"Pd88413","T4-2_L001_R_8","T",1,"T4-2_L001_R","8","Ec"
"Pd88413","Pd88413_MF3_13","Ec",1,"Pd88413_MF3","13","Ec"
"Pd88413","T4-2_L001_R_6","T",1,"T4-2_L001_R","6","Ec"
"Pd88413","Pd88413_MF3_1","Ec",1,"Pd88413_MF3","1","Ec"
"Pd88413","Pd88413_MF3_14","Ec",1,"Pd88413_MF3","14","Ec"
"Pd88413","T4-2_L001_R_5","T",1,"T4-2_L001_R","5","Ec"
"Pd88413","Pd88413_MF3_16","Ec",1,"Pd88413_MF3","16","Ec"
"Pd88413","Pd88413_MF3_4","Ec",1,"Pd88413_MF3","4","Ec"
"Pd88413","T4-2_L001_R_3","T",1,"T4-2_L001_R","3","Ec"
"Pd88413","Pd88413_MF3_12","Ec",1,"Pd88413_MF3","12","Ec"
"Pd88413","T4-2_L001_R_15","T",1,"T4-2_L001_R","15","Ec"
"Pd88413","T4-2_L001_R_4","T",1,"T4-2_L001_R","4","Ec"
"Pd88413","Pd88413_MF3_11","Ec",1,"Pd88413_MF3","11","Ec"
"Pd88413","Pd88413_MF3_2","Ec",1,"Pd88413_MF3","2","Ec"
"Pd88413","Ce88443_USP_2","Ce",1,"Ce88443_USP","2","Ec"
"Pd88413","Pd88413_MF3_3","Ec",1,"Pd88413_MF3","3","Ec"
"Pd88413","T4-2_L001_R_2","T",1,"T4-2_L001_R","2","Ec"
"Pd88413","T4-2_L001_R_20","T",1,"T4-2_L001_R","20","Ec"
"Pd88413","T4-2_L001_R_16","T",1,"T4-2_L001_R","16","Ec"
"Pg1054","SSFL14-3_S2_9","St",1,"SSFL14-3_S2","9","St"
"Pg1054","SSFL14-3_S2_11","St",1,"SSFL14-3_S2","11","St"
"Pg1054","SSFL14-3_S2_16","St",1,"SSFL14-3_S2","16","St"
"Pg1054","SSFLO2-2_S3_11","St",1,"SSFLO2-2_S3","11","St"
"Pg1054","SSFLO2-2_S3_13","St",1,"SSFLO2-2_S3","13","St"
"Pg1054","SSFL14-3_S2_13","St",1,"SSFL14-3_S2","13","St"
"Pg1054","Pg1054x1x2_8","St",1,"Pg1054x1x2","8","St"
"Pg1054","SSFL14-3_S2_7","St",1,"SSFL14-3_S2","7","St"
"Pg1054","Guy11_S5_5","O",1,"Guy11_S5","5","St"
"Pg1054","SSFL14-3_S2_4","St",1,"SSFL14-3_S2","4","St"
"Pg1054","SSFL14-3_S2_6","St",1,"SSFL14-3_S2","6","St"
"Pg1054","SSTX-16-11_6","St",1,"SSTX-16-11","6","St"
"Pg1054","Pg1054x1x2_9","St",1,"Pg1054x1x2","9","St"
"Pg1054","SSTX-16-11_1","St",1,"SSTX-16-11","1","St"
"Pg1054","SSTX-16-11_4","St",1,"SSTX-16-11","4","St"
"Pg1054","Pg1054x1x2_15","St",1,"Pg1054x1x2","15","St"
"Pg1054","Pg1204_USPD_3","St",1,"Pg1204_USPD","3","St"
"Pg1054","U217_S3_L00_10","St",1,"U217_S3_L00","10","St"
"Pg1054","STAG-MS_USP_2","St",1,"STAG-MS_USP","2","St"
"Pg1054","STAG-MS_USP_3","St",1,"STAG-MS_USP","3","St"
"Pg1054","Ei8927_S5_5","E1",1,"Ei8927_S5","5","St"
"Pg1054","Pg1054x1x2_1","St",1,"Pg1054x1x2","1","St"
"Pg1054","Pg1054x1x2_3","St",1,"Pg1054x1x2","3","St"
"Pg1054","Pg1054x1x2_6","St",1,"Pg1054x1x2","6","St"
"Pg1054","Pg1054x1x2_7","St",1,"Pg1054x1x2","7","St"
"Pg1054","Pg1054_11","St",1,"Pg1054","11","St"
"Pg1054","Pg1054_12","St",1,"Pg1054","12","St"
"Pg1054","SSFL14-3_S2_20","St",1,"SSFL14-3_S2","20","St"
"Pg1054","U217_S3_L00_6","St",1,"U217_S3_L00","6","St"
"Pg1054","U217_S3_L00_7","St",1,"U217_S3_L00","7","St"
"Pg1054","Pg1054_16","St",1,"Pg1054","16","St"
"Pg1054","SSTX-16-11_15","St",1,"SSTX-16-11","15","St"
"Pg1054","SSTX-16-11_16","St",1,"SSTX-16-11","16","St"
"Pg1054","Pg1054_1","St",1,"Pg1054","1","St"
"Pg1054","Pg1054_2","St",1,"Pg1054","2","St"
"Pg1054","Pg1054_5","St",1,"Pg1054","5","St"
"Pg1054","Pg1054_6","St",1,"Pg1054","6","St"
"Pg1054","Pg1054_9","St",1,"Pg1054","9","St"
"Pg1054","Pg1054_10","St",1,"Pg1054","10","St"
"Pg1054","SSTX-16-11_7","St",1,"SSTX-16-11","7","St"
"Pg1054","Pg1054x1x2_13","St",1,"Pg1054x1x2","13","St"
"Pg1054","Pg1054x1x2_14","St",1,"Pg1054x1x2","14","St"
"Pg1054","Pg1054_15","St",1,"Pg1054","15","St"
"Pg1054","SSTX-16-11_13","St",1,"SSTX-16-11","13","St"
"Pg1054","Pg1054_14","St",1,"Pg1054","14","St"
"Pg1054","SSTX-16-11_8","St",1,"SSTX-16-11","8","St"
"Pg1054","SSTX-16-11_9","St",1,"SSTX-16-11","9","St"
"Pg1054","SSTX-16-11_10","St",1,"SSTX-16-11","10","St"
"Pg1054","Pg1054_13","St",1,"Pg1054","13","St"
"Pg1054x1x2","Pg1054x1x2_6","St",1,"Pg1054x1x2","6","St"
"Pg1054x1x2","Pg1054x1x2_7","St",1,"Pg1054x1x2","7","St"
"Pg1054x1x2","Pg1054x1x2_8","St",1,"Pg1054x1x2","8","St"
"Pg1054x1x2","Pg1054x1x2_5","St",1,"Pg1054x1x2","5","St"
"Pg1054x1x2","Pg1054x1x2_10","St",1,"Pg1054x1x2","10","St"
"Pg1054x1x2","Pg1054x1x2_13","St",1,"Pg1054x1x2","13","St"
"Pg1054x1x2","Pg1054x1x2_14","St",1,"Pg1054x1x2","14","St"
"Pg1054x1x2","Pg1054x1x2_9","St",1,"Pg1054x1x2","9","St"
"Pg1054x1x2","Pg1054_11","St",1,"Pg1054","11","St"
"Pg1054x1x2","Pg1054_12","St",1,"Pg1054","12","St"
"Pg1054x1x2","Pg1054_14","St",1,"Pg1054","14","St"
"Pg1054x1x2","Pg1054x1x2_15","St",1,"Pg1054x1x2","15","St"
"Pg1054x1x2","SSFL14-3_S2_11","St",1,"SSFL14-3_S2","11","St"
"Pg1054x1x2","SSFL14-3_S2_13","St",1,"SSFL14-3_S2","13","St"
"Pg1054x1x2","SSFL14-3_S2_16","St",1,"SSFL14-3_S2","16","St"
"Pg1054x1x2","SSFL14-3_S2_9","St",1,"SSFL14-3_S2","9","St"
"Pg1054x1x2","Pg1054_1","St",1,"Pg1054","1","St"
"Pg1054x1x2","Pg1054_2","St",1,"Pg1054","2","St"
"Pg1054x1x2","SSFLO2-2_S3_11","St",1,"SSFLO2-2_S3","11","St"
"Pg1054x1x2","U217_S3_L00_6","St",1,"U217_S3_L00","6","St"
"Pg1054x1x2","Pg1054x1x2_3","St",1,"Pg1054x1x2","3","St"
"Pg1054x1x2","SSFL14-3_S2_6","St",1,"SSFL14-3_S2","6","St"
"Pg1054x1x2","SSFL14-3_S2_7","St",1,"SSFL14-3_S2","7","St"
"Pg1054x1x2","SSFL14-3_S2_8","St",1,"SSFL14-3_S2","8","St"
"Pg1054x1x2","SSTX-16-11_6","St",1,"SSTX-16-11","6","St"
"Pg1054x1x2","SSTX-16-11_7","St",1,"SSTX-16-11","7","St"
"Pg1054x1x2","SSTX-16-11_8","St",1,"SSTX-16-11","8","St"
"Pg1054x1x2","SSTX-16-11_9","St",1,"SSTX-16-11","9","St"
"Pg1054x1x2","SSTX-16-11_10","St",1,"SSTX-16-11","10","St"
"Pg1054x1x2","SSTX-16-11_13","St",1,"SSTX-16-11","13","St"
"Pg1054x1x2","SSTX-16-11_16","St",1,"SSTX-16-11","16","St"
"Pg1054x1x2","Pg1054_5","St",1,"Pg1054","5","St"
"Pg1054x1x2","SSFLO2-2_S3_13","St",1,"SSFLO2-2_S3","13","St"
"Pg1054x1x2","SSFL14-3_S2_4","St",1,"SSFL14-3_S2","4","St"
"Pg1054x1x2","Pg1054_10","St",1,"Pg1054","10","St"
"Pg1054x1x2","Pg1054x1x2_1","St",1,"Pg1054x1x2","1","St"
"Pg1054x1x2","SSTX-16-11_4","St",1,"SSTX-16-11","4","St"
"Pg1054x1x2","U217_S3_L00_10","St",1,"U217_S3_L00","10","St"
"Pg1054x1x2","STAG-MS_USP_2","St",1,"STAG-MS_USP","2","St"
"Pg1054x1x2","STAG-MS_USP_3","St",1,"STAG-MS_USP","3","St"
"Pg1054x1x2","U217_S3_L00_7","St",1,"U217_S3_L00","7","St"
"Pg1054x1x2","Pg1054_6","St",1,"Pg1054","6","St"
"Pg1054x1x2","SSTX-16-11_1","St",1,"SSTX-16-11","1","St"
"Pg1054x1x2","Pg1054_9","St",1,"Pg1054","9","St"
"Pg1204","Pg1054x1x2_1","St",1,"Pg1054x1x2","1","St"
"Pg1204","Pg1054x1x2_3","St",1,"Pg1054x1x2","3","St"
"Pg1204","Pg1054x1x2_8","St",1,"Pg1054x1x2","8","St"
"Pg1204","Pg1054x1x2_9","St",1,"Pg1054x1x2","9","St"
"Pg1204","Pg1054x1x2_5","St",1,"Pg1054x1x2","5","St"
"Pg1204","SSTX-16-11_9","St",1,"SSTX-16-11","9","St"
"Pg1204","SSTX-16-11_10","St",1,"SSTX-16-11","10","St"
"Pg1204","Pg1054x1x2_12","St",1,"Pg1054x1x2","12","St"
"Pg1204","Pg1054x1x2_6","St",1,"Pg1054x1x2","6","St"
"Pg1204","SSTX-16-11_16","St",1,"SSTX-16-11","16","St"
"Pg1204","SSTX-16-11_17","St",1,"SSTX-16-11","17","St"
"Pg1204","SSTX-16-11_13","St",1,"SSTX-16-11","13","St"
"Pg1204","SSTX-16-11_15","St",1,"SSTX-16-11","15","St"
"Pg1204","Pg1054_5","St",1,"Pg1054","5","St"
"Pg1204","Pg1054x1x2_13","St",1,"Pg1054x1x2","13","St"
"Pg1204","Pg1054_1","St",1,"Pg1054","1","St"
"Pg1204","Pg1054_2","St",1,"Pg1054","2","St"
"Pg1204","Pg1204_USPD_3","St",1,"Pg1204_USPD","3","St"
"Pg1204","SSFLO2-2_S3_5","St",1,"SSFLO2-2_S3","5","St"
"Pg1204","SSFLO2-2_S3_11","St",1,"SSFLO2-2_S3","11","St"
"Pg1204","SSFLO2-2_S3_13","St",1,"SSFLO2-2_S3","13","St"
"Pg1204","SSFL14-3_S2_4","St",1,"SSFL14-3_S2","4","St"
"Pg1204","SSFL14-3_S2_6","St",1,"SSFL14-3_S2","6","St"
"Pg1204","SSFL14-3_S2_7","St",1,"SSFL14-3_S2","7","St"
"Pg1204","SSFL14-3_S2_8","St",1,"SSFL14-3_S2","8","St"
"Pg1204","SSFL14-3_S2_9","St",1,"SSFL14-3_S2","9","St"
"Pg1204","FHNEX2_CKDL_4","L1",1,"FHNEX2_CKDL","4","St"
"Pg1204","SSTX-16-11_1","St",1,"SSTX-16-11","1","St"
"Pg1204","Pg1054x1x2_14","St",1,"Pg1054x1x2","14","St"
"Pg1204","Pg1054x1x2_15","St",1,"Pg1054x1x2","15","St"
"Pg1204","SSTX-16-11_7","St",1,"SSTX-16-11","7","St"
"Pg1204","SSTX-16-11_8","St",1,"SSTX-16-11","8","St"
"Pg1204","Pg1054_10","St",1,"Pg1054","10","St"
"Pg1204","Pg1054_11","St",1,"Pg1054","11","St"
"Pg1204","Pg1054_12","St",1,"Pg1054","12","St"
"Pg1204","Pg1054_13","St",1,"Pg1054","13","St"
"Pg1204","U217_S3_L00_10","St",1,"U217_S3_L00","10","St"
"Pg1204","STAG-MS_USP_2","St",1,"STAG-MS_USP","2","St"
"Pg1204","STAG-MS_USP_3","St",1,"STAG-MS_USP","3","St"
"Pg1204","IE1K_S4_11","O",1,"IE1K_S4","11","St"
"Pg1204","SSFL14-3_S2_10","St",1,"SSFL14-3_S2","10","St"
"Pg1204","SSFL14-3_S2_11","St",1,"SSFL14-3_S2","11","St"
"Pg1204","SSFL14-3_S2_12","St",1,"SSFL14-3_S2","12","St"
"Pg1204","Pg1054_6","St",1,"Pg1054","6","St"
"Pg1204","Pg1054_9","St",1,"Pg1054","9","St"
"Pg1204","SSFL14-3_S2_20","St",1,"SSFL14-3_S2","20","St"
"Pg1204","T30-2NEX_CK_11","T",1,"T30-2NEX_CK","11","St"
"Pg1204","U217_S3_L00_6","St",1,"U217_S3_L00","6","St"
"Pg1204","U217_S3_L00_7","St",1,"U217_S3_L00","7","St"
"Pg1204","SSFL14-3_S2_16","St",1,"SSFL14-3_S2","16","St"
"Pg1204","SSTX-16-11_4","St",1,"SSTX-16-11","4","St"
"Pg1204","SSFL14-3_S2_13","St",1,"SSFL14-3_S2","13","St"
"Pg1204","SSTX-16-11_6","St",1,"SSTX-16-11","6","St"
"Pg1213-2","Po221_S2_L3_5","L1",1,"Po221_S2_L3","5","L2"
"Pg1213-2","U217_S3_L00_5","St",1,"U217_S3_L00","5","L2"
"Pg1213-2","Pg1213-2_S2_11","L2",1,"Pg1213-2_S2","11","L2"
"Pg1213-2","Pg1213-2_S2_4","L2",1,"Pg1213-2_S2","4","L2"
"Pg1213-2","Pg1213-2_S2_10","L2",1,"Pg1213-2_S2","10","L2"
"Pg1213-2","Pg1213-2_S2_6","L2",1,"Pg1213-2_S2","6","L2"
"Pg1213-2","Pg1213-2_S2_9","L2",1,"Pg1213-2_S2","9","L2"
"Pg1213-2","Pg1213-2_S2_17","L2",1,"Pg1213-2_S2","17","L2"
"Pg1213-2","Pg1213-2_S2_7","L2",1,"Pg1213-2_S2","7","L2"
"Pg1213-2","U171_S3_L00_4","Lu",1,"U171_S3_L00","4","L2"
"Pg1213-2","Pg1213-2_S2_16","L2",1,"Pg1213-2_S2","16","L2"
"Pg1213-2","P1L1-2_S3_L_10","L",1,"P1L1-2_S3_L","10","L2"
"Pg1213-2","Pg1213-2_S2_14","L2",1,"Pg1213-2_S2","14","L2"
"Pg1213-2","Pg1213-2_S2_3","L2",1,"Pg1213-2_S2","3","L2"
"Pg1213-2","Pg1213-2_S2_15","L2",1,"Pg1213-2_S2","15","L2"
"Pg1213-2","Pg1213-2_S2_13","L2",1,"Pg1213-2_S2","13","L2"
"Pg1213-2","Pg1213-2_S2_12","L2",1,"Pg1213-2_S2","12","L2"
"Pg1213-22","Pg1213-22_S_3","L1",1,"Pg1213-22_S","3","L1"
"Pg1213-22","Mo_S3_L001__2","O",1,"Mo_S3_L001_","2","L1"
"Pg1213-22","B51_S2_L001_3","E1",1,"B51_S2_L001","3","L1"
"Pg1213-22","U217_S3_L00_18","St",1,"U217_S3_L00","18","L1"
"PgKY","PgKY_ACAGTC_5","L1",1,"PgKY_ACAGTC","5","L1"
"PgKY","PgKY_ACAGTC_3","L1",1,"PgKY_ACAGTC","3","L1"
"PgKY","Mo_S3_L001__2","O",1,"Mo_S3_L001_","2","L1"
"PgKY","PgKY_ACAGTC_7","L1",1,"PgKY_ACAGTC","7","L1"
"PH42","PH42_S4_L00_4","E1",1,"PH42_S4_L00","4","E1"
"PH42","PH42_S4_L00_7","E1",1,"PH42_S4_L00","7","E1"
"PL2-1","U235_USPD16_3","L1",1,"U235_USPD16","3","L1"
"PL2-1","WB169_PE_L0_2","T",1,"WB169_PE_L0","2","L1"
"PL2-1","LibP29_S2_L_2","T",1,"LibP29_S2_L","2","L1"
"PL2-1","LpKY-97-1_S_2","L1",1,"LpKY-97-1_S","2","L1"
"PL2-1","T50-3NEX_CK_5","T",1,"T50-3NEX_CK","5","L1"
"PL2-1","WB127_PE_L0_3","T",1,"WB127_PE_L0","3","L1"
"PL2-1","PL2-1_S4_L0_7","L1",1,"PL2-1_S4_L0","7","L1"
"PL2-1","PL2-1_S4_L0_2","L1",1,"PL2-1_S4_L0","2","L1"
"PL2-1","T25_S1_L001_1","T",1,"T25_S1_L001","1","L1"
"PL2-1","T21-1NEX_CK_9","T",1,"T21-1NEX_CK","9","L1"
"PL2-1","PL2-1_S4_L0_8","L1",1,"PL2-1_S4_L0","8","L1"
"PL2-1","PL2-1_S4_L0_1","L1",1,"PL2-1_S4_L0","1","L1"
"Po221","Po221_S2_L3_4","L1",1,"Po221_S2_L3","4","L1"
"Po221","Po221_S2_L3_5","L1",1,"Po221_S2_L3","5","L1"
"Po221","P1L1-2_S3_L_10","L",1,"P1L1-2_S3_L","10","L1"
"Po221","U217_S3_L00_5","St",1,"U217_S3_L00","5","L1"
"Pr8202","Pr8202_S3_L_6","P",1,"Pr8202_S3_L","6","P"
"Pr8202","Pr8202_S3_L_4","P",1,"Pr8202_S3_L","4","P"
"Pr8202","Pr8202_S3_L_5","P",1,"Pr8202_S3_L","5","P"
"Pr8202","Pr8202_S3_L_8","P",1,"Pr8202_S3_L","8","P"
"Pr8202","Pr88165_CKD_4","P",1,"Pr88165_CKD","4","P"
"Pr8202","Pr8202_S3_L_2","P",1,"Pr8202_S3_L","2","P"
"Pr8202","Pr8202_S3_L_3","P",1,"Pr8202_S3_L","3","P"
"Pr8202","G22_S1_13","E2",1,"G22_S1","13","P"
"Pr8202","T30-2NEX_CK_3","T",1,"T30-2NEX_CK","3","P"
"Pr8202","Pr88165_CKD_2","P",1,"Pr88165_CKD","2","P"
"Pr8202","Pr88165_CKD_6","P",1,"Pr88165_CKD","6","P"
"Pr8202","Pr8202_S3_L_7","P",1,"Pr8202_S3_L","7","P"
"Pr8202","Bd8401_S6_L_6","B2",1,"Bd8401_S6_L","6","P"
"Pr8202","T50-3NEX_CK_3","T",1,"T50-3NEX_CK","3","P"
"Pr8202","JA178NEX_CK_10","E3",1,"JA178NEX_CK","10","P"
"Pr88165","Pr88165_CKD_6","P",1,"Pr88165_CKD","6","P"
"Pr88165","Pr88165_CKD_3","P",1,"Pr88165_CKD","3","P"
"Pr88165","Pr88165_CKD_4","P",1,"Pr88165_CKD","4","P"
"Pr88165","Pr8202_S3_L_5","P",1,"Pr8202_S3_L","5","P"
"Pr88165","Pr88165_CKD_2","P",1,"Pr88165_CKD","2","P"
"Pr88165","Pr8202_S3_L_4","P",1,"Pr8202_S3_L","4","P"
"Pr88165","Bd8401_S6_L_6","B2",1,"Bd8401_S6_L","6","P"
"Pr88165","JA92NEX_CKD_2","B4",1,"JA92NEX_CKD","2","P"
"Pr88165","T30-2NEX_CK_3","T",1,"T30-2NEX_CK","3","P"
"Pr88165","JA178NEX_CK_6","E3",1,"JA178NEX_CK","6","P"
"Pr88165","JA178NEX_CK_10","E3",1,"JA178NEX_CK","10","P"
"Pr88165","Pr88165_CKD_9","P",1,"Pr88165_CKD","9","P"
"Pr88165","T30-2NEX_CK_10","T",1,"T30-2NEX_CK","10","P"
"Pr88165","Pr8202_S3_L_3","P",1,"Pr8202_S3_L","3","P"
"Pr88165","Pr88165_CKD_8","P",1,"Pr88165_CKD","8","P"
"Pr88165","Pr88165_CKD_11","P",1,"Pr88165_CKD","11","P"
"Pr88165","Pr88165_CKD_7","P",1,"Pr88165_CKD","7","P"
"Pr88165","JA159NEX_CK_3","C2",1,"JA159NEX_CK","3","P"
"Pr88165","T50-3NEX_CK_3","T",1,"T50-3NEX_CK","3","P"
"Pr88165","Pr8202_S3_L_2","P",1,"Pr8202_S3_L","2","P"
"Pr88165","T30-2NEX_CK_7","T",1,"T30-2NEX_CK","7","P"
"Pr88165","T30-2NEX_CK_4","T",1,"T30-2NEX_CK","4","P"
"PtKY18-1","U235_USPD16_3","L1",1,"U235_USPD16","3","L1"
"PtKY18-1","LibP29_S2_L_2","T",1,"LibP29_S2_L","2","L1"
"PtKY18-1","T21-1NEX_CK_9","T",1,"T21-1NEX_CK","9","L1"
"PtKY18-1","JA178NEX_CK_6","E3",1,"JA178NEX_CK","6","L1"
"PtKY18-1","PL2-1_S4_L0_1","L1",1,"PL2-1_S4_L0","1","L1"
"PtKY18-1","U235_USPD16_5","L1",1,"U235_USPD16","5","L1"
"PtKY18-1","T25_S1_L001_1","T",1,"T25_S1_L001","1","L1"
"PtKY18-1","LpKY-97-1_S_2","L1",1,"LpKY-97-1_S","2","L1"
"PtKY18-1","PL2-1_S4_L0_2","L1",1,"PL2-1_S4_L0","2","L1"
"PtKY18-1","WB169_PE_L0_2","T",1,"WB169_PE_L0","2","L1"
"PtKY18-1","PtKY18-1_US_2","L1",1,"PtKY18-1_US","2","L1"
"PtKY18-1","T50-3NEX_CK_5","T",1,"T50-3NEX_CK","5","L1"
"PtKY18-1","WB127_PE_L0_3","T",1,"WB127_PE_L0","3","L1"
"PY0925","IB49_S2_L00_16","O",1,"IB49_S2_L00","16","T"
"PY0925","PY0925_GCCA_2","T",1,"PY0925_GCCA","2","T"
"Py221","MG04_SRR306_5","E2",1,"MG04_SRR306","5","T"
"Py221","MG04_SRR306_15","E2",1,"MG04_SRR306","15","T"
"Py221","T5-3_L001_R_20","T",1,"T5-3_L001_R","20","T"
"Py221","Ub012i_SRS2_7","T",1,"Ub012i_SRS2","7","T"
"Py5020","Br81_USPD16_8","T",1,"Br81_USPD16","8","T"
"Py5020","lib2-Psy5020_2","T",1,"lib2-Psy5020","2","T"
"Py5020","T13-3NEX_CK_4","T",1,"T13-3NEX_CK","4","T"
"Py5020","Br81_USPD16_3","T",1,"Br81_USPD16","3","T"
"Py5020","AR4_1","Er",1,"AR4","1","T"
"Py5020","Ub012i_SRS2_7","T",1,"Ub012i_SRS2","7","T"
"Py5020","MG04_SRR306_5","E2",1,"MG04_SRR306","5","T"
"Py5020","T13-3NEX_CK_10","T",1,"T13-3NEX_CK","10","T"
"Py5020","T13-3NEX_CK_15","T",1,"T13-3NEX_CK","15","T"
"Py5020","MG04_SRR306_15","E2",1,"MG04_SRR306","15","T"
"Py5020","DSLiz_2","Pg",1,"DSLiz","2","T"
"Py5020","T5-3_L001_R_20","T",1,"T5-3_L001_R","20","T"
"SSFL02-2","T12-8_L001_8","T",1,"T12-8_L001","8","St"
"SSFL02-2","SSFL14-3_S2_4","St",1,"SSFL14-3_S2","4","St"
"SSFL02-2","Pg1054_1","St",1,"Pg1054","1","St"
"SSFL02-2","Pg1054_10","St",1,"Pg1054","10","St"
"SSFL02-2","SSTX-16-11_17","St",1,"SSTX-16-11","17","St"
"SSFL02-2","U217_S3_L00_14","St",1,"U217_S3_L00","14","St"
"SSFL02-2","U233_USPD16_4","St",1,"U233_USPD16","4","St"
"SSFL02-2","SSTX-16-11_4","St",1,"SSTX-16-11","4","St"
"SSFL02-2","SSFLO2-2_S3_19","St",1,"SSFLO2-2_S3","19","St"
"SSFL02-2","Pg1054x1x2_3","St",1,"Pg1054x1x2","3","St"
"SSFL02-2","Pg1054x1x2_12","St",1,"Pg1054x1x2","12","St"
"SSFL02-2","SSFLO2-2_S3_1","St",1,"SSFLO2-2_S3","1","St"
"SSFL02-2","SSTX-16-11_6","St",1,"SSTX-16-11","6","St"
"SSFL02-2","SSFLO2-2_S3_17","St",1,"SSFLO2-2_S3","17","St"
"SSFL02-2","SSFLO2-2_S3_3","St",1,"SSFLO2-2_S3","3","St"
"SSFL02-2","SSFLO2-2_S3_4","St",1,"SSFLO2-2_S3","4","St"
"SSFL02-2","SSFLO2-2_S3_2","St",1,"SSFLO2-2_S3","2","St"
"SSFL02-2","T5-3_L001_R_3","T",1,"T5-3_L001_R","3","St"
"SSFL02-2","U217_S3_L00_4","St",1,"U217_S3_L00","4","St"
"SSFL02-2","U217_S3_L00_7","St",1,"U217_S3_L00","7","St"
"SSFL02-2","U217_S3_L00_11","St",1,"U217_S3_L00","11","St"
"SSFL02-2","SSFLO2-2_S3_11","St",1,"SSFLO2-2_S3","11","St"
"SSFL02-2","SSFLO2-2_S3_13","St",1,"SSFLO2-2_S3","13","St"
"SSFL02-2","SSFLO2-2_S3_14","St",1,"SSFLO2-2_S3","14","St"
"SSFL02-2","SSFLO2-2_S3_15","St",1,"SSFLO2-2_S3","15","St"
"SSFL02-2","SSFLO2-2_S3_16","St",1,"SSFLO2-2_S3","16","St"
"SSFL02-2","SSFLO2-2_S3_6","St",1,"SSFLO2-2_S3","6","St"
"SSFL02-2","SSFLO2-2_S3_7","St",1,"SSFLO2-2_S3","7","St"
"SSFL02-2","SSFLO2-2_S3_8","St",1,"SSFLO2-2_S3","8","St"
"SSFL02-2","SSFLO2-2_S3_5","St",1,"SSFLO2-2_S3","5","St"
"SSFL02-2","SSFL14-3_S2_10","St",1,"SSFL14-3_S2","10","St"
"SSFL02-2","SSFL14-3_S2_13","St",1,"SSFL14-3_S2","13","St"
"SSFL02-2","SSFLO2-2_S3_9","St",1,"SSFLO2-2_S3","9","St"
"SSFL14-3","Pg1054x1x2_3","St",1,"Pg1054x1x2","3","St"
"SSFL14-3","SSTX-16-11_1","St",1,"SSTX-16-11","1","St"
"SSFL14-3","Pg1054x1x2_5","St",1,"Pg1054x1x2","5","St"
"SSFL14-3","Pg1054x1x2_6","St",1,"Pg1054x1x2","6","St"
"SSFL14-3","SSTX-16-11_7","St",1,"SSTX-16-11","7","St"
"SSFL14-3","SSTX-16-11_10","St",1,"SSTX-16-11","10","St"
"SSFL14-3","SSTX-16-11_4","St",1,"SSTX-16-11","4","St"
"SSFL14-3","SSTX-16-11_6","St",1,"SSTX-16-11","6","St"
"SSFL14-3","SSTX-16-11_16","St",1,"SSTX-16-11","16","St"
"SSFL14-3","SSTX-16-11_17","St",1,"SSTX-16-11","17","St"
"SSFL14-3","SSTX-16-11_13","St",1,"SSTX-16-11","13","St"
"SSFL14-3","SSTX-16-11_15","St",1,"SSTX-16-11","15","St"
"SSFL14-3","Pg1054x1x2_12","St",1,"Pg1054x1x2","12","St"
"SSFL14-3","Pg1054x1x2_13","St",1,"Pg1054x1x2","13","St"
"SSFL14-3","Pg1054x1x2_14","St",1,"Pg1054x1x2","14","St"
"SSFL14-3","Pg1204_USPD_3","St",1,"Pg1204_USPD","3","St"
"SSFL14-3","SSFLO2-2_S3_5","St",1,"SSFLO2-2_S3","5","St"
"SSFL14-3","SSFLO2-2_S3_11","St",1,"SSFLO2-2_S3","11","St"
"SSFL14-3","SSFLO2-2_S3_13","St",1,"SSFLO2-2_S3","13","St"
"SSFL14-3","SSFL14-3_S2_1","St",1,"SSFL14-3_S2","1","St"
"SSFL14-3","SSFL14-3_S2_18","St",1,"SSFL14-3_S2","18","St"
"SSFL14-3","SSFL14-3_S2_20","St",1,"SSFL14-3_S2","20","St"
"SSFL14-3","T5-3_L001_R_2","T",1,"T5-3_L001_R","2","St"
"SSFL14-3","Pg1054x1x2_8","St",1,"Pg1054x1x2","8","St"
"SSFL14-3","Pg1054x1x2_9","St",1,"Pg1054x1x2","9","St"
"SSFL14-3","U217_S3_L00_10","St",1,"U217_S3_L00","10","St"
"SSFL14-3","STAG-MS_USP_2","St",1,"STAG-MS_USP","2","St"
"SSFL14-3","STAG-MS_USP_3","St",1,"STAG-MS_USP","3","St"
"SSFL14-3","Pg1054_10","St",1,"Pg1054","10","St"
"SSFL14-3","Pg1054_11","St",1,"Pg1054","11","St"
"SSFL14-3","Pg1054_12","St",1,"Pg1054","12","St"
"SSFL14-3","Pg1054_13","St",1,"Pg1054","13","St"
"SSFL14-3","SSFL14-3_S2_11","St",1,"SSFL14-3_S2","11","St"
"SSFL14-3","SSFL14-3_S2_12","St",1,"SSFL14-3_S2","12","St"
"SSFL14-3","SSFL14-3_S2_13","St",1,"SSFL14-3_S2","13","St"
"SSFL14-3","SSFL14-3_S2_16","St",1,"SSFL14-3_S2","16","St"
"SSFL14-3","SSFL14-3_S2_2","St",1,"SSFL14-3_S2","2","St"
"SSFL14-3","T12-8_L001_20","T",1,"T12-8_L001","20","St"
"SSFL14-3","Pg1054_1","St",1,"Pg1054","1","St"
"SSFL14-3","Pg1054_5","St",1,"Pg1054","5","St"
"SSFL14-3","Pg1054_9","St",1,"Pg1054","9","St"
"SSFL14-3","SSFL14-3_S2_7","St",1,"SSFL14-3_S2","7","St"
"SSFL14-3","SSFL14-3_S2_8","St",1,"SSFL14-3_S2","8","St"
"SSFL14-3","SSFL14-3_S2_9","St",1,"SSFL14-3_S2","9","St"
"SSFL14-3","SSFL14-3_S2_10","St",1,"SSFL14-3_S2","10","St"
"SSFL14-3","SSFL14-3_S2_6","St",1,"SSFL14-3_S2","6","St"
"SSFL14-3","SSFL14-3_S2_3","St",1,"SSFL14-3_S2","3","St"
"SSFL14-3","SSFL14-3_S2_4","St",1,"SSFL14-3_S2","4","St"
"SSFL14-3","SSFL14-3_S2_5","St",1,"SSFL14-3_S2","5","St"
"SSFL14-3","U217_S3_L00_6","St",1,"U217_S3_L00","6","St"
"SSFL14-3","U217_S3_L00_7","St",1,"U217_S3_L00","7","St"
"SSID116","1A1_S1_L001_6","O",1,"1A1_S1_L001","6","O"
"SSID116","1A1_S1_L001_3","O",1,"1A1_S1_L001","3","O"
"SSID116","1A1_S1_L001_5","O",1,"1A1_S1_L001","5","O"
"SSID116","SSID116_4","O",1,"SSID116","4","O"
"SSID116","SSID116_5","O",1,"SSID116","5","O"
"SSID116","1A1_S1_L001_4","O",1,"1A1_S1_L001","4","O"
"SSID116","SSID116_2","O",1,"SSID116","2","O"
"SSID116","U75_3","O",1,"U75","3","O"
"SSID116","SSID116_10","O",1,"SSID116","10","O"
"SSID116","SSID116_1","O",1,"SSID116","1","O"
"SSID116","1A1_S1_L001_1","O",1,"1A1_S1_L001","1","O"
"SSID116","1A1_S1_L001_7","O",1,"1A1_S1_L001","7","O"
"SSID116","1A1_S1_L001_9","O",1,"1A1_S1_L001","9","O"
"SSID116","1A1_S1_L001_10","O",1,"1A1_S1_L001","10","O"
"SSID116","SSID116_11","O",1,"SSID116","11","O"
"SSID116","U75_1","O",1,"U75","1","O"
"SSID116","FR13_S3_L00_3","O",1,"FR13_S3_L00","3","O"
"SSID116","U75_7","O",1,"U75","7","O"
"SSID116","U75_8","O",1,"U75","8","O"
"SSID116","Mo_S3_L001__2","O",1,"Mo_S3_L001_","2","O"
"SSID116","SSID116_7","O",1,"SSID116","7","O"
"SSID116","SSID116_8","O",1,"SSID116","8","O"
"SSID116","SSID116_9","O",1,"SSID116","9","O"
"SSID116","1A1_S1_L001_12","O",1,"1A1_S1_L001","12","O"
"SSID116","SSID116_13","O",1,"SSID116","13","O"
"SSID116","FR13_S3_L00_15","O",1,"FR13_S3_L00","15","O"
"SSID116","1C17_S3_3","O",1,"1C17_S3","3","O"
"SSID116","1A1_S1_L001_14","O",1,"1A1_S1_L001","14","O"
"SSTX-16-11","STAG-MS_USP_2","St",1,"STAG-MS_USP","2","St"
"SSTX-16-11","STAG-MS_USP_3","St",1,"STAG-MS_USP","3","St"
"SSTX-16-11","SSTX-16-11_4","St",1,"SSTX-16-11","4","St"
"SSTX-16-11","SSFL14-3_S2_20","St",1,"SSFL14-3_S2","20","St"
"SSTX-16-11","SSTX-16-11_1","St",1,"SSTX-16-11","1","St"
"SSTX-16-11","SSTX-16-11_3","St",1,"SSTX-16-11","3","St"
"SSTX-16-11","U217_S3_L00_10","St",1,"U217_S3_L00","10","St"
"SSTX-16-11","Pg1054x1x2_1","St",1,"Pg1054x1x2","1","St"
"SSTX-16-11","U217_S3_L00_6","St",1,"U217_S3_L00","6","St"
"SSTX-16-11","U217_S3_L00_7","St",1,"U217_S3_L00","7","St"
"SSTX-16-11","Pg1054x1x2_6","St",1,"Pg1054x1x2","6","St"
"SSTX-16-11","SSFL14-3_S2_8","St",1,"SSFL14-3_S2","8","St"
"SSTX-16-11","Pg1054x1x2_3","St",1,"Pg1054x1x2","3","St"
"SSTX-16-11","Pg1054x1x2_5","St",1,"Pg1054x1x2","5","St"
"SSTX-16-11","SSFL14-3_S2_11","St",1,"SSFL14-3_S2","11","St"
"SSTX-16-11","SSFL14-3_S2_13","St",1,"SSFL14-3_S2","13","St"
"SSTX-16-11","SSFL14-3_S2_16","St",1,"SSFL14-3_S2","16","St"
"SSTX-16-11","SSTX-16-11_9","St",1,"SSTX-16-11","9","St"
"SSTX-16-11","SSTX-16-11_10","St",1,"SSTX-16-11","10","St"
"SSTX-16-11","SSTX-16-11_12","St",1,"SSTX-16-11","12","St"
"SSTX-16-11","SSTX-16-11_13","St",1,"SSTX-16-11","13","St"
"SSTX-16-11","SSTX-16-11_15","St",1,"SSTX-16-11","15","St"
"SSTX-16-11","SSTX-16-11_16","St",1,"SSTX-16-11","16","St"
"SSTX-16-11","SSTX-16-11_17","St",1,"SSTX-16-11","17","St"
"SSTX-16-11","Pg1054_1","St",1,"Pg1054","1","St"
"SSTX-16-11","Pg1054x1x2_8","St",1,"Pg1054x1x2","8","St"
"SSTX-16-11","Pg1054x1x2_9","St",1,"Pg1054x1x2","9","St"
"SSTX-16-11","SSTX-16-11_6","St",1,"SSTX-16-11","6","St"
"SSTX-16-11","SSTX-16-11_7","St",1,"SSTX-16-11","7","St"
"SSTX-16-11","SSTX-16-11_8","St",1,"SSTX-16-11","8","St"
"SSTX-16-11","Pg1054x1x2_15","St",1,"Pg1054x1x2","15","St"
"SSTX-16-11","Pg1204_USPD_3","St",1,"Pg1204_USPD","3","St"
"SSTX-16-11","SSFLO2-2_S3_5","St",1,"SSFLO2-2_S3","5","St"
"SSTX-16-11","SSFLO2-2_S3_11","St",1,"SSFLO2-2_S3","11","St"
"SSTX-16-11","SSFLO2-2_S3_13","St",1,"SSFLO2-2_S3","13","St"
"SSTX-16-11","SSFL14-3_S2_4","St",1,"SSFL14-3_S2","4","St"
"SSTX-16-11","SSFL14-3_S2_6","St",1,"SSFL14-3_S2","6","St"
"SSTX-16-11","SSFL14-3_S2_7","St",1,"SSFL14-3_S2","7","St"
"SSTX-16-11","Pg1054x1x2_14","St",1,"Pg1054x1x2","14","St"
"SSTX-16-11","SSFL14-3_S2_9","St",1,"SSFL14-3_S2","9","St"
"SSTX-16-11","Pg1054x1x2_12","St",1,"Pg1054x1x2","12","St"
"SSTX-16-11","Pg1054x1x2_13","St",1,"Pg1054x1x2","13","St"
"SSTX-16-11","Pg1054_13","St",1,"Pg1054","13","St"
"SSTX-16-11","Pg1054_10","St",1,"Pg1054","10","St"
"SSTX-16-11","Pg1054_11","St",1,"Pg1054","11","St"
"SSTX-16-11","Pg1054_12","St",1,"Pg1054","12","St"
"SSTX-16-11","Pg1054_6","St",1,"Pg1054","6","St"
"SSTX-16-11","Pg1054_9","St",1,"Pg1054","9","St"
"SSTX-16-11","Pg1054_2","St",1,"Pg1054","2","St"
"SSTX-16-11","SSFL14-3_S2_10","St",1,"SSFL14-3_S2","10","St"
"SSTX-16-11","Pg1054_5","St",1,"Pg1054","5","St"
"STAG-MS","SSFLO2-2_S3_11","St",1,"SSFLO2-2_S3","11","St"
"STAG-MS","SSFLO2-2_S3_13","St",1,"SSFLO2-2_S3","13","St"
"STAG-MS","SSFL14-3_S2_4","St",1,"SSFL14-3_S2","4","St"
"STAG-MS","SSFL14-3_S2_7","St",1,"SSFL14-3_S2","7","St"
"STAG-MS","SSTX-16-11_17","St",1,"SSTX-16-11","17","St"
"STAG-MS","MG04_SRR306_5","E2",1,"MG04_SRR306","5","St"
"STAG-MS","MG04_SRR306_15","E2",1,"MG04_SRR306","15","St"
"STAG-MS","SSFL14-3_S2_6","St",1,"SSFL14-3_S2","6","St"
"STAG-MS","SSFLO2-2_S3_5","St",1,"SSFLO2-2_S3","5","St"
"STAG-MS","Pg1054_13","St",1,"Pg1054","13","St"
"STAG-MS","U217_S3_L00_10","St",1,"U217_S3_L00","10","St"
"STAG-MS","Pg1204_USPD_3","St",1,"Pg1204_USPD","3","St"
"STAG-MS","IB49_S2_L00_16","O",1,"IB49_S2_L00","16","St"
"STAG-MS","STAG-MS_USP_2","St",1,"STAG-MS_USP","2","St"
"STAG-MS","SSFL14-3_S2_9","St",1,"SSFL14-3_S2","9","St"
"STAG-MS","Ub012i_SRS2_7","T",1,"Ub012i_SRS2","7","St"
"STAG-MS","Pg1054_5","St",1,"Pg1054","5","St"
"STAG-MS","Pg1054_6","St",1,"Pg1054","6","St"
"STAG-MS","Pg1054_9","St",1,"Pg1054","9","St"
"STAG-MS","Pg1054_10","St",1,"Pg1054","10","St"
"STAG-MS","Pg1054_11","St",1,"Pg1054","11","St"
"STAG-MS","Pg1054_12","St",1,"Pg1054","12","St"
"STAG-MS","U217_S3_L00_7","St",1,"U217_S3_L00","7","St"
"STAG-MS","Lc8401_S2_L_1","Ec",1,"Lc8401_S2_L","1","St"
"STAG-MS","Pg1054x1x2_1","St",1,"Pg1054x1x2","1","St"
"STAG-MS","Pg1054x1x2_3","St",1,"Pg1054x1x2","3","St"
"STAG-MS","Pg1054x1x2_6","St",1,"Pg1054x1x2","6","St"
"STAG-MS","Pg1054_1","St",1,"Pg1054","1","St"
"STAG-MS","SSFL14-3_S2_10","St",1,"SSFL14-3_S2","10","St"
"STAG-MS","SSFL14-3_S2_11","St",1,"SSFL14-3_S2","11","St"
"STAG-MS","SSFL14-3_S2_13","St",1,"SSFL14-3_S2","13","St"
"STAG-MS","SSFL14-3_S2_16","St",1,"SSFL14-3_S2","16","St"
"STAG-MS","SSFL14-3_S2_20","St",1,"SSFL14-3_S2","20","St"
"STAG-MS","U217_S3_L00_6","St",1,"U217_S3_L00","6","St"
"STAG-MS","AR4_1","Er",1,"AR4","1","St"
"STAG-MS","SSTX-16-11_8","St",1,"SSTX-16-11","8","St"
"STAG-MS","SSTX-16-11_9","St",1,"SSTX-16-11","9","St"
"STAG-MS","SSTX-16-11_10","St",1,"SSTX-16-11","10","St"
"STAG-MS","SSTX-16-11_13","St",1,"SSTX-16-11","13","St"
"STAG-MS","SSTX-16-11_15","St",1,"SSTX-16-11","15","St"
"STAG-MS","SSTX-16-11_16","St",1,"SSTX-16-11","16","St"
"STAG-MS","Pg1054_2","St",1,"Pg1054","2","St"
"STAG-MS","Pg1054x1x2_12","St",1,"Pg1054x1x2","12","St"
"STAG-MS","Pg1054x1x2_13","St",1,"Pg1054x1x2","13","St"
"STAG-MS","Pg1054x1x2_14","St",1,"Pg1054x1x2","14","St"
"STAG-MS","Pg1054x1x2_15","St",1,"Pg1054x1x2","15","St"
"STAG-MS","SSTX-16-11_6","St",1,"SSTX-16-11","6","St"
"STAG-MS","SSTX-16-11_7","St",1,"SSTX-16-11","7","St"
"STAG-MS","FHNEX2_CKDL_4","L1",1,"FHNEX2_CKDL","4","St"
"STAG-MS","SSTX-16-11_1","St",1,"SSTX-16-11","1","St"
"STAG-MS","STAG-MS_USP_3","St",1,"STAG-MS_USP","3","St"
"STAG-MS","IE1K_S4_10","O",1,"IE1K_S4","10","St"
"STAG-MS","Pg1054x1x2_8","St",1,"Pg1054x1x2","8","St"
"STAG-MS","SSTX-16-11_4","St",1,"SSTX-16-11","4","St"
"STAG-MS","Pg1054x1x2_9","St",1,"Pg1054x1x2","9","St"
"T-8","Br81_USPD16_7","T",1,"Br81_USPD16","7","T"
"T-8","U107_USPD16_10","O",1,"U107_USPD16","10","T"
"T-8","IE1K_S4_11","O",1,"IE1K_S4","11","T"
"T-8","T-8_S9_3","T",1,"T-8_S9","3","T"
"T-8","T-8_S9_7","T",1,"T-8_S9","7","T"
"T12-8","SSFLO2-2_S3_1","St",1,"SSFLO2-2_S3","1","T"
"T12-8","T12-8_L001_10","T",1,"T12-8_L001","10","T"
"T12-8","T12-8_L001_11","T",1,"T12-8_L001","11","T"
"T12-8","SSFL14-3_S2_2","St",1,"SSFL14-3_S2","2","T"
"T12-8","T12-8_L001_14","T",1,"T12-8_L001","14","T"
"T12-8","T12-8_L001_15","T",1,"T12-8_L001","15","T"
"T12-8","T12-8_L001_12","T",1,"T12-8_L001","12","T"
"T12-8","T12-8_L001_13","T",1,"T12-8_L001","13","T"
"T12-8","T12-8_L001_20","T",1,"T12-8_L001","20","T"
"T12-8","T5-3_L001_R_1","T",1,"T5-3_L001_R","1","T"
"T12-8","T12-8_L001_16","T",1,"T12-8_L001","16","T"
"T12-8","T12-8_L001_19","T",1,"T12-8_L001","19","T"
"T12-8","T5-3_L001_R_4","T",1,"T5-3_L001_R","4","T"
"T12-8","T5-3_L001_R_5","T",1,"T5-3_L001_R","5","T"
"T12-8","T5-3_L001_R_6","T",1,"T5-3_L001_R","6","T"
"T12-8","T5-3_L001_R_7","T",1,"T5-3_L001_R","7","T"
"T12-8","T5-3_L001_R_8","T",1,"T5-3_L001_R","8","T"
"T12-8","T5-3_L001_R_9","T",1,"T5-3_L001_R","9","T"
"T12-8","T5-3_L001_R_10","T",1,"T5-3_L001_R","10","T"
"T12-8","T5-3_L001_R_11","T",1,"T5-3_L001_R","11","T"
"T12-8","T5-3_L001_R_12","T",1,"T5-3_L001_R","12","T"
"T12-8","T12-8_L001_3","T",1,"T12-8_L001","3","T"
"T12-8","T12-8_L001_4","T",1,"T12-8_L001","4","T"
"T12-8","T5-3_L001_R_2","T",1,"T5-3_L001_R","2","T"
"T12-8","T5-3_L001_R_3","T",1,"T5-3_L001_R","3","T"
"T12-8","T12-8_L001_8","T",1,"T12-8_L001","8","T"
"T12-8","T12-8_L001_9","T",1,"T12-8_L001","9","T"
"T12-8","T5-3_L001_R_19","T",1,"T5-3_L001_R","19","T"
"T12-8","T5-3_L001_R_22","T",1,"T5-3_L001_R","22","T"
"T12-8","LibP29_S2_L_3","T",1,"LibP29_S2_L","3","T"
"T12-8","E-3-S7_L001_1","E2",1,"E-3-S7_L001","1","T"
"T12-8","T-8_S9_4","T",1,"T-8_S9","4","T"
"T12-8","T3-1_L001_R_16","T",1,"T3-1_L001_R","16","T"
"T12-8","T12-8_L001_1","T",1,"T12-8_L001","1","T"
"T12-8","T12-8_L001_2","T",1,"T12-8_L001","2","T"
"T12-8","T5-3_L001_R_14","T",1,"T5-3_L001_R","14","T"
"T12-8","T5-3_L001_R_15","T",1,"T5-3_L001_R","15","T"
"T12-8","T5-3_L001_R_16","T",1,"T5-3_L001_R","16","T"
"T12-8","T5-3_L001_R_17","T",1,"T5-3_L001_R","17","T"
"T12-8","T5-3_L001_R_18","T",1,"T5-3_L001_R","18","T"
"T12-8","T12-8_L001_5","T",1,"T12-8_L001","5","T"
"T12-8","T12-8_L001_6","T",1,"T12-8_L001","6","T"
"T25","AR4_1","Er",1,"AR4","1","T"
"T25","LpKY-97-1_S_2","L1",1,"LpKY-97-1_S","2","T"
"T25","PL2-1_S4_L0_2","L1",1,"PL2-1_S4_L0","2","T"
"T25","T25_S1_L001_1","T",1,"T25_S1_L001","1","T"
"T25","MG04_SRR306_5","E2",1,"MG04_SRR306","5","T"
"T25","MG04_SRR306_15","E2",1,"MG04_SRR306","15","T"
"T25","WB169_PE_L0_2","T",1,"WB169_PE_L0","2","T"
"T25","T21-1NEX_CK_9","T",1,"T21-1NEX_CK","9","T"
"T25","T25_S1_L001_5","T",1,"T25_S1_L001","5","T"
"T25","T25_S1_L001_6","T",1,"T25_S1_L001","6","T"
"T25","WB127_PE_L0_3","T",1,"WB127_PE_L0","3","T"
"T25","LibP29_S2_L_2","T",1,"LibP29_S2_L","2","T"
"T25","LibP29_S2_L_3","T",1,"LibP29_S2_L","3","T"
"T25","IB49_S2_L00_16","O",1,"IB49_S2_L00","16","T"
"T25","U235_USPD16_3","L1",1,"U235_USPD16","3","T"
"T25","G22_S1_13","E2",1,"G22_S1","13","T"
"T25","T-8_S9_4","T",1,"T-8_S9","4","T"
"T25","T13-3NEX_CK_14","T",1,"T13-3NEX_CK","14","T"
"T25","T50-3NEX_CK_5","T",1,"T50-3NEX_CK","5","T"
"T25","T30-2NEX_CK_9","T",1,"T30-2NEX_CK","9","T"
"T25","Ub012i_SRS2_7","T",1,"Ub012i_SRS2","7","T"
"T3-1","Bm88324_S1_1","B1",1,"Bm88324_S1","1","T"
"T3-1","Bm88324_S1_3","B1",1,"Bm88324_S1","3","T"
"T3-1","Bm88324_S1_14","B1",1,"Bm88324_S1","14","T"
"T3-1","Bm8309_S1_L_2","B1",1,"Bm8309_S1_L","2","T"
"T3-1","Bm8309_S1_L_3","B1",1,"Bm8309_S1_L","3","T"
"T3-1","Bm8309_S1_L_4","B1",1,"Bm8309_S1_L","4","T"
"T3-1","Bm8309_S1_L_6","B1",1,"Bm8309_S1_L","6","T"
"T3-1","Bm8309_S1_L_7","B1",1,"Bm8309_S1_L","7","T"
"T3-1","Bm8309_S1_L_8","B1",1,"Bm8309_S1_L","8","T"
"T3-1","Bm8309_S1_L_9","B1",1,"Bm8309_S1_L","9","T"
"T3-1","Bm8309_S1_L_10","B1",1,"Bm8309_S1_L","10","T"
"T3-1","Bm8309_S1_L_11","B1",1,"Bm8309_S1_L","11","T"
"T3-1","JA178NEX_CK_6","E3",1,"JA178NEX_CK","6","T"
"T3-1","T3-1_L001_R_1","T",1,"T3-1_L001_R","1","T"
"T3-1","T3-1_L001_R_2","T",1,"T3-1_L001_R","2","T"
"T3-1","T3-1_L001_R_3","T",1,"T3-1_L001_R","3","T"
"T3-1","T3-1_L001_R_5","T",1,"T3-1_L001_R","5","T"
"T3-1","T3-1_L001_R_6","T",1,"T3-1_L001_R","6","T"
"T3-1","T3-1_L001_R_7","T",1,"T3-1_L001_R","7","T"
"T3-1","T3-1_L001_R_8","T",1,"T3-1_L001_R","8","T"
"T3-1","T3-1_L001_R_9","T",1,"T3-1_L001_R","9","T"
"T3-1","T3-1_L001_R_10","T",1,"T3-1_L001_R","10","T"
"T3-1","T3-1_L001_R_11","T",1,"T3-1_L001_R","11","T"
"T3-1","T3-1_L001_R_12","T",1,"T3-1_L001_R","12","T"
"T3-1","T3-1_L001_R_13","T",1,"T3-1_L001_R","13","T"
"T3-1","T3-1_L001_R_14","T",1,"T3-1_L001_R","14","T"
"T3-1","Bm88324_S1_9","B1",1,"Bm88324_S1","9","T"
"T3-1","Bm88324_S1_12","B1",1,"Bm88324_S1","12","T"
"T37-2","PtKY18-1_US_7","L1",1,"PtKY18-1_US","7","T"
"T37-2","T3-1_L001_R_4","T",1,"T3-1_L001_R","4","T"
"T37-2","T37-2_USPD1_2","T",1,"T37-2_USPD1","2","T"
"T37-2","IE1K_S4_11","O",1,"IE1K_S4","11","T"
"T4-2","T4-2_L001_R_1","T",1,"T4-2_L001_R","1","T"
"T4-2","T4-2_L001_R_2","T",1,"T4-2_L001_R","2","T"
"T4-2","T4-2_L001_R_3","T",1,"T4-2_L001_R","3","T"
"T4-2","Lc8401_S2_L_10","Ec",1,"Lc8401_S2_L","10","T"
"T4-2","T4-2_L001_R_5","T",1,"T4-2_L001_R","5","T"
"T4-2","T4-2_L001_R_6","T",1,"T4-2_L001_R","6","T"
"T4-2","T4-2_L001_R_7","T",1,"T4-2_L001_R","7","T"
"T4-2","T4-2_L001_R_4","T",1,"T4-2_L001_R","4","T"
"T4-2","T4-2_L001_R_9","T",1,"T4-2_L001_R","9","T"
"T4-2","T4-2_L001_R_10","T",1,"T4-2_L001_R","10","T"
"T4-2","T4-2_L001_R_11","T",1,"T4-2_L001_R","11","T"
"T4-2","T4-2_L001_R_8","T",1,"T4-2_L001_R","8","T"
"T4-2","T4-2_L001_R_13","T",1,"T4-2_L001_R","13","T"
"T4-2","T4-2_L001_R_14","T",1,"T4-2_L001_R","14","T"
"T4-2","T4-2_L001_R_15","T",1,"T4-2_L001_R","15","T"
"T4-2","T4-2_L001_R_16","T",1,"T4-2_L001_R","16","T"
"T4-2","T4-2_L001_R_20","T",1,"T4-2_L001_R","20","T"
"T4-2","Ce88443_USP_2","Ce",1,"Ce88443_USP","2","T"
"T4-2","Pd88413_MF3_1","Ec",1,"Pd88413_MF3","1","T"
"T4-2","Pd88413_MF3_2","Ec",1,"Pd88413_MF3","2","T"
"T4-2","Pd88413_MF3_3","Ec",1,"Pd88413_MF3","3","T"
"T4-2","Pd88413_MF3_4","Ec",1,"Pd88413_MF3","4","T"
"T4-2","Pd88413_MF3_5","Ec",1,"Pd88413_MF3","5","T"
"T4-2","Pd88413_MF3_6","Ec",1,"Pd88413_MF3","6","T"
"T4-2","T4-2_L001_R_12","T",1,"T4-2_L001_R","12","T"
"T4-2","Pd88413_MF3_8","Ec",1,"Pd88413_MF3","8","T"
"T4-2","Pd88413_MF3_9","Ec",1,"Pd88413_MF3","9","T"
"T4-2","Pd88413_MF3_10","Ec",1,"Pd88413_MF3","10","T"
"T4-2","Pd88413_MF3_11","Ec",1,"Pd88413_MF3","11","T"
"T4-2","Pd88413_MF3_12","Ec",1,"Pd88413_MF3","12","T"
"T4-2","Pd88413_MF3_13","Ec",1,"Pd88413_MF3","13","T"
"T4-2","Pd88413_MF3_14","Ec",1,"Pd88413_MF3","14","T"
"T4-2","Pd88413_MF3_15","Ec",1,"Pd88413_MF3","15","T"
"T4-2","Pd88413_MF3_16","Ec",1,"Pd88413_MF3","16","T"
"T4-2","Pd88413_MF3_20","Ec",1,"Pd88413_MF3","20","T"
"T4-2","E-3-S7_L001_1","E2",1,"E-3-S7_L001","1","T"
"T4-2","T3-1_L001_R_15","T",1,"T3-1_L001_R","15","T"
"T4-2","Pd88413_MF3_7","Ec",1,"Pd88413_MF3","7","T"
"T4-2","Lc8401_S2_L_2","Ec",1,"Lc8401_S2_L","2","T"
"T42-2","Guy11_S4_L0_6","O",1,"Guy11_S4_L0","6","T"
"T42-2","Pg1204_USPD_2","St",1,"Pg1204_USPD","2","T"
"T42-2","T30-2NEX_CK_11","T",1,"T30-2NEX_CK","11","T"
"T42-2","Bm88324_S1_6","B1",1,"Bm88324_S1","6","T"
"T42-2","T42-2_USPD1_2","T",1,"T42-2_USPD1","2","T"
"T42-2","T30-2NEX_CK_9","T",1,"T30-2NEX_CK","9","T"
"T42-2","IE1K_S4_11","O",1,"IE1K_S4","11","T"
"T42-2","T-8_S9_7","T",1,"T-8_S9","7","T"
"T42-2","U107_USPD16_10","O",1,"U107_USPD16","10","T"
"T42-2","U107_USPD16_12","O",1,"U107_USPD16","12","T"
"T42-2","T13-3NEX_CK_14","T",1,"T13-3NEX_CK","14","T"
"T5-3","SSFLO2-2_S3_1","St",1,"SSFLO2-2_S3","1","T"
"T5-3","SSFL14-3_S2_2","St",1,"SSFL14-3_S2","2","T"
"T5-3","T5-3_L001_R_1","T",1,"T5-3_L001_R","1","T"
"T5-3","T5-3_L001_R_2","T",1,"T5-3_L001_R","2","T"
"T5-3","T5-3_L001_R_3","T",1,"T5-3_L001_R","3","T"
"T5-3","T5-3_L001_R_4","T",1,"T5-3_L001_R","4","T"
"T5-3","T5-3_L001_R_5","T",1,"T5-3_L001_R","5","T"
"T5-3","T5-3_L001_R_6","T",1,"T5-3_L001_R","6","T"
"T5-3","T5-3_L001_R_7","T",1,"T5-3_L001_R","7","T"
"T5-3","T5-3_L001_R_8","T",1,"T5-3_L001_R","8","T"
"T5-3","T5-3_L001_R_9","T",1,"T5-3_L001_R","9","T"
"T5-3","T5-3_L001_R_10","T",1,"T5-3_L001_R","10","T"
"T5-3","T5-3_L001_R_11","T",1,"T5-3_L001_R","11","T"
"T5-3","T5-3_L001_R_12","T",1,"T5-3_L001_R","12","T"
"T5-3","T5-3_L001_R_14","T",1,"T5-3_L001_R","14","T"
"T5-3","T5-3_L001_R_15","T",1,"T5-3_L001_R","15","T"
"T5-3","T5-3_L001_R_16","T",1,"T5-3_L001_R","16","T"
"T5-3","T5-3_L001_R_17","T",1,"T5-3_L001_R","17","T"
"T5-3","T5-3_L001_R_18","T",1,"T5-3_L001_R","18","T"
"T5-3","T5-3_L001_R_19","T",1,"T5-3_L001_R","19","T"
"T5-3","T5-3_L001_R_20","T",1,"T5-3_L001_R","20","T"
"T5-3","T5-3_L001_R_22","T",1,"T5-3_L001_R","22","T"
"T5-3","LibP29_S2_L_3","T",1,"LibP29_S2_L","3","T"
"T5-3","T-8_S9_4","T",1,"T-8_S9","4","T"
"T5-3","T12-8_L001_1","T",1,"T12-8_L001","1","T"
"T5-3","T12-8_L001_2","T",1,"T12-8_L001","2","T"
"T5-3","T12-8_L001_3","T",1,"T12-8_L001","3","T"
"T5-3","T12-8_L001_4","T",1,"T12-8_L001","4","T"
"T5-3","T12-8_L001_5","T",1,"T12-8_L001","5","T"
"T5-3","T12-8_L001_6","T",1,"T12-8_L001","6","T"
"T5-3","T12-8_L001_8","T",1,"T12-8_L001","8","T"
"T5-3","T12-8_L001_9","T",1,"T12-8_L001","9","T"
"T5-3","T12-8_L001_10","T",1,"T12-8_L001","10","T"
"T5-3","T12-8_L001_11","T",1,"T12-8_L001","11","T"
"T5-3","T12-8_L001_12","T",1,"T12-8_L001","12","T"
"T5-3","T12-8_L001_13","T",1,"T12-8_L001","13","T"
"T5-3","T12-8_L001_14","T",1,"T12-8_L001","14","T"
"T5-3","T12-8_L001_15","T",1,"T12-8_L001","15","T"
"T5-3","T12-8_L001_16","T",1,"T12-8_L001","16","T"
"T5-3","T12-8_L001_19","T",1,"T12-8_L001","19","T"
"T5-3","T12-8_L001_20","T",1,"T12-8_L001","20","T"
"TEF","TEF_S6_L001_8","Er",1,"TEF_S6_L001","8","Er"
"TEF","TEF_S6_L001_1","Er",1,"TEF_S6_L001","1","Er"
"TEF","TEF_S6_L001_5","Er",1,"TEF_S6_L001","5","Er"
"TEF","TEF_S6_L001_6","Er",1,"TEF_S6_L001","6","Er"
"TEF","GFRF52_S2_L0_8","S",1,"GFRF52_S2_L0","8","Er"
"TEF","TEF_S6_L001_2","Er",1,"TEF_S6_L001","2","Er"
"TEF","TEF_S6_L001_4","Er",1,"TEF_S6_L001","4","Er"
"TEF","GFRF52_S2_L0_3","S",1,"GFRF52_S2_L0","3","Er"
"TEF","TEF_S6_L001_10","Er",1,"TEF_S6_L001","10","Er"
"TEF","GFRF52_S2_L0_1","S",1,"GFRF52_S2_L0","1","Er"
"TEF","TEF_S6_L001_11","Er",1,"TEF_S6_L001","11","Er"
"TF1-05","TF1-05_S4_L_5","L1",1,"TF1-05_S4_L","5","L1"
"TF1-05","TF05-1_S4_L_2","L1",1,"TF05-1_S4_L","2","L1"
"TF1-05","TF1-05_S4_L_2","L1",1,"TF1-05_S4_L","2","L1"
"TF1-05","TF05-1_S4_L_5","L1",1,"TF05-1_S4_L","5","L1"
"U107","U107_USPD16_1","O",1,"U107_USPD16","1","O"
"U107","U107_USPD16_3","O",1,"U107_USPD16","3","O"
"U107","U107_USPD16_9","O",1,"U107_USPD16","9","O"
"U107","U198_USPD16_2","O",1,"U198_USPD16","2","O"
"U107","JA112NEX_CK_1","B3",1,"JA112NEX_CK","1","O"
"U107","U107_USPD16_4","O",1,"U107_USPD16","4","O"
"U107","U107_USPD16_5","O",1,"U107_USPD16","5","O"
"U107","U107_USPD16_6","O",1,"U107_USPD16","6","O"
"U107","ML33_S2_L00_3","O",1,"ML33_S2_L00","3","O"
"U107","U107_USPD16_7","O",1,"U107_USPD16","7","O"
"U107","U107_USPD16_8","O",1,"U107_USPD16","8","O"
"U107","FR13_S3_L00_10","O",1,"FR13_S3_L00","10","O"
"U107","U198_USPD16_5","O",1,"U198_USPD16","5","O"
"U107","U198_USPD16_3","O",1,"U198_USPD16","3","O"
"U168","U171_S3_L00_2","Lu",1,"U171_S3_L00","2","Lu"
"U168","U168_S2_L00_3","Lu",1,"U168_S2_L00","3","Lu"
"U168","U217_S3_L00_17","St",1,"U217_S3_L00","17","Lu"
"U168","U168_S2_L00_6","Lu",1,"U168_S2_L00","6","Lu"
"U168","U75_3","O",1,"U75","3","Lu"
"U168","U168_S2_L00_2","Lu",1,"U168_S2_L00","2","Lu"
"U168","U171_S3_L00_7","Lu",1,"U171_S3_L00","7","Lu"
"U168","U171_S3_L00_6","Lu",1,"U171_S3_L00","6","Lu"
"U168","U168_S2_L00_9","Lu",1,"U168_S2_L00","9","Lu"
"U168","U168_S2_L00_4","Lu",1,"U168_S2_L00","4","Lu"
"U168","U171_S3_L00_4","Lu",1,"U171_S3_L00","4","Lu"
"U168","U168_S2_L00_10","Lu",1,"U168_S2_L00","10","Lu"
"U169","Ei88424_S3__8","Ec",1,"Ei88424_S3_","8","E1"
"U169","U169_3","E",1,"U169","3","E1"
"U169","T37-2_USPD1_3","T",1,"T37-2_USPD1","3","E1"
"U169","Ei8927_S5_2","E1",1,"Ei8927_S5","2","E1"
"U169","DSLiz_14","Pg",1,"DSLiz","14","E1"
"U169","U229_S4_L00_2","E1",1,"U229_S4_L00","2","E1"
"U169","U231_USPD16_3","E1",1,"U231_USPD16","3","E1"
"U170","U170_10","Pg",1,"U170","10","Pg"
"U170","FR13_S3_L00_12","O",1,"FR13_S3_L00","12","Pg"
"U170","DSLiz_12","Pg",1,"DSLiz","12","Pg"
"U170","U170_4","Pg",1,"U170","4","Pg"
"U170","U170_9","Pg",1,"U170","9","Pg"
"U170","U167_7","D",1,"U167","7","Pg"
"U170","DSLiz_11","Pg",1,"DSLiz","11","Pg"
"U170","U170_8","Pg",1,"U170","8","Pg"
"U170","U170_11","Pg",1,"U170","11","Pg"
"U170","DSLiz_3","Pg",1,"DSLiz","3","Pg"
"U170","U170_1","Pg",1,"U170","1","Pg"
"U170","U170_2","Pg",1,"U170","2","Pg"
"U170","U170_7","Pg",1,"U170","7","Pg"
"U170","U170_6","Pg",1,"U170","6","Pg"
"U171","U168_S2_L00_4","Lu",1,"U168_S2_L00","4","Lu"
"U171","U171_S3_L00_4","Lu",1,"U171_S3_L00","4","Lu"
"U171","U168_S2_L00_6","Lu",1,"U168_S2_L00","6","Lu"
"U171","U171_S3_L00_5","Lu",1,"U171_S3_L00","5","Lu"
"U171","U171_S3_L00_7","Lu",1,"U171_S3_L00","7","Lu"
"U171","U171_S3_L00_2","Lu",1,"U171_S3_L00","2","Lu"
"U171","U171_S3_L00_8","Lu",1,"U171_S3_L00","8","Lu"
"U171","U171_S3_L00_6","Lu",1,"U171_S3_L00","6","Lu"
"U198","Pg1054_12","St",1,"Pg1054","12","O"
"U198","Pg1054_9","St",1,"Pg1054","9","O"
"U198","ML33_S2_L00_3","O",1,"ML33_S2_L00","3","O"
"U198","Pg1054x1x2_1","St",1,"Pg1054x1x2","1","O"
"U198","Pg1054_11","St",1,"Pg1054","11","O"
"U198","Pg1054_1","St",1,"Pg1054","1","O"
"U198","SSTX-16-11_13","St",1,"SSTX-16-11","13","O"
"U198","Pg1054_10","St",1,"Pg1054","10","O"
"U198","JA112NEX_CK_1","B3",1,"JA112NEX_CK","1","O"
"U198","SSFLO2-2_S3_13","St",1,"SSFLO2-2_S3","13","O"
"U198","SSFL14-3_S2_4","St",1,"SSFL14-3_S2","4","O"
"U198","FR13_S3_L00_10","O",1,"FR13_S3_L00","10","O"
"U198","Pg1054_6","St",1,"Pg1054","6","O"
"U198","SSFL14-3_S2_8","St",1,"SSFL14-3_S2","8","O"
"U198","SSFL14-3_S2_9","St",1,"SSFL14-3_S2","9","O"
"U198","SSFL14-3_S2_6","St",1,"SSFL14-3_S2","6","O"
"U198","SSFL14-3_S2_7","St",1,"SSFL14-3_S2","7","O"
"U198","SSTX-16-11_17","St",1,"SSTX-16-11","17","O"
"U198","SSFL14-3_S2_13","St",1,"SSFL14-3_S2","13","O"
"U198","SSFL14-3_S2_10","St",1,"SSFL14-3_S2","10","O"
"U198","SSTX-16-11_16","St",1,"SSTX-16-11","16","O"
"U198","U217_S3_L00_10","St",1,"U217_S3_L00","10","O"
"U198","U107_USPD16_1","O",1,"U107_USPD16","1","O"
"U198","U107_USPD16_5","O",1,"U107_USPD16","5","O"
"U198","U107_USPD16_6","O",1,"U107_USPD16","6","O"
"U198","U107_USPD16_7","O",1,"U107_USPD16","7","O"
"U198","U107_USPD16_8","O",1,"U107_USPD16","8","O"
"U198","U107_USPD16_9","O",1,"U107_USPD16","9","O"
"U198","U198_USPD16_2","O",1,"U198_USPD16","2","O"
"U198","SSFL14-3_S2_11","St",1,"SSFL14-3_S2","11","O"
"U198","SSFL14-3_S2_12","St",1,"SSFL14-3_S2","12","O"
"U198","U198_USPD16_3","O",1,"U198_USPD16","3","O"
"U198","U198_USPD16_4","O",1,"U198_USPD16","4","O"
"U198","U198_USPD16_5","O",1,"U198_USPD16","5","O"
"U198","STAG-MS_USP_2","St",1,"STAG-MS_USP","2","O"
"U198","STAG-MS_USP_3","St",1,"STAG-MS_USP","3","O"
"U198","FHNEX2_CKDL_4","L1",1,"FHNEX2_CKDL","4","O"
"U198","SSTX-16-11_1","St",1,"SSTX-16-11","1","O"
"U198","SSTX-16-11_4","St",1,"SSTX-16-11","4","O"
"U198","SSTX-16-11_6","St",1,"SSTX-16-11","6","O"
"U198","SSTX-16-11_7","St",1,"SSTX-16-11","7","O"
"U198","SSTX-16-11_8","St",1,"SSTX-16-11","8","O"
"U198","SSTX-16-11_9","St",1,"SSTX-16-11","9","O"
"U198","SSTX-16-11_10","St",1,"SSTX-16-11","10","O"
"U198","Pg1054x1x2_9","St",1,"Pg1054x1x2","9","O"
"U198","Pg1054x1x2_12","St",1,"Pg1054x1x2","12","O"
"U198","Pg1054_2","St",1,"Pg1054","2","O"
"U198","Pg1054_5","St",1,"Pg1054","5","O"
"U198","Pg1054x1x2_15","St",1,"Pg1054x1x2","15","O"
"U198","SSFLO2-2_S3_5","St",1,"SSFLO2-2_S3","5","O"
"U198","SSFLO2-2_S3_11","St",1,"SSFLO2-2_S3","11","O"
"U198","Pg1054x1x2_5","St",1,"Pg1054x1x2","5","O"
"U198","Pg1054x1x2_6","St",1,"Pg1054x1x2","6","O"
"U198","Pg1054x1x2_8","St",1,"Pg1054x1x2","8","O"
"U198","Pg1054x1x2_3","St",1,"Pg1054x1x2","3","O"
"U198","SSFL14-3_S2_16","St",1,"SSFL14-3_S2","16","O"
"U198","U217_S3_L00_6","St",1,"U217_S3_L00","6","O"
"U198","U217_S3_L00_7","St",1,"U217_S3_L00","7","O"
"U198","Pg1054x1x2_14","St",1,"Pg1054x1x2","14","O"
"U198","Pg1054x1x2_13","St",1,"Pg1054x1x2","13","O"
"U217","Pg1054x1x2_6","St",1,"Pg1054x1x2","6","St"
"U217","SSFLO2-2_S3_3","St",1,"SSFLO2-2_S3","3","St"
"U217","SSFLO2-2_S3_8","St",1,"SSFLO2-2_S3","8","St"
"U217","Pg1054x1x2_9","St",1,"Pg1054x1x2","9","St"
"U217","U217_S3_L00_1","St",1,"U217_S3_L00","1","St"
"U217","U217_S3_L00_4","St",1,"U217_S3_L00","4","St"
"U217","SSFLO2-2_S3_13","St",1,"SSFLO2-2_S3","13","St"
"U217","P1L1-2_S3_L_10","L",1,"P1L1-2_S3_L","10","St"
"U217","U217_S3_L00_7","St",1,"U217_S3_L00","7","St"
"U217","U217_S3_L00_8","St",1,"U217_S3_L00","8","St"
"U217","U217_S3_L00_5","St",1,"U217_S3_L00","5","St"
"U217","U217_S3_L00_6","St",1,"U217_S3_L00","6","St"
"U217","SSTX-16-11_1","St",1,"SSTX-16-11","1","St"
"U217","SSFLO2-2_S3_17","St",1,"SSFLO2-2_S3","17","St"
"U217","U217_S3_L00_9","St",1,"U217_S3_L00","9","St"
"U217","U217_S3_L00_10","St",1,"U217_S3_L00","10","St"
"U217","SSFL14-3_S2_11","St",1,"SSFL14-3_S2","11","St"
"U217","Pg1054_12","St",1,"Pg1054","12","St"
"U217","U217_S3_L00_16","St",1,"U217_S3_L00","16","St"
"U217","U217_S3_L00_17","St",1,"U217_S3_L00","17","St"
"U217","U217_S3_L00_18","St",1,"U217_S3_L00","18","St"
"U217","Bm88324_S1_11","B1",1,"Bm88324_S1","11","St"
"U217","U233_USPD16_4","St",1,"U233_USPD16","4","St"
"U217","U233_USPD16_5","St",1,"U233_USPD16","5","St"
"U217","Po221_S2_L3_5","L1",1,"Po221_S2_L3","5","St"
"U217","STAG-MS_USP_3","St",1,"STAG-MS_USP","3","St"
"U217","SSTX-16-11_6","St",1,"SSTX-16-11","6","St"
"U217","SSFL14-3_S2_4","St",1,"SSFL14-3_S2","4","St"
"U217","SSFL14-3_S2_6","St",1,"SSFL14-3_S2","6","St"
"U217","Pg1054_10","St",1,"Pg1054","10","St"
"U217","U217_S3_L00_15","St",1,"U217_S3_L00","15","St"
"U217","U217_S3_L00_11","St",1,"U217_S3_L00","11","St"
"U217","U217_S3_L00_12","St",1,"U217_S3_L00","12","St"
"U217","U217_S3_L00_13","St",1,"U217_S3_L00","13","St"
"U217","U217_S3_L00_14","St",1,"U217_S3_L00","14","St"
"U217","Pg1054_9","St",1,"Pg1054","9","St"
"U217","SSTX-16-11_16","St",1,"SSTX-16-11","16","St"
"U229","Ei8927_S5_2","E1",1,"Ei8927_S5","2","E1"
"U229","U231_USPD16_3","E1",1,"U231_USPD16","3","E1"
"U229","U169_3","E",1,"U169","3","E1"
"U229","U229_S4_L00_2","E1",1,"U229_S4_L00","2","E1"
"U229","Ei88424_S3__8","Ec",1,"Ei88424_S3_","8","E1"
"U231","U229_S4_L00_2","E1",1,"U229_S4_L00","2","E1"
"U231","Ei8927_S5_2","E1",1,"Ei8927_S5","2","E1"
"U231","U169_3","E",1,"U169","3","E1"
"U231","Ei88424_S3__8","Ec",1,"Ei88424_S3_","8","E1"
"U231","U231_USPD16_3","E1",1,"U231_USPD16","3","E1"
"U232","U232_6","S",1,"U232","6","S"
"U232","U232_7","S",1,"U232","7","S"
"U232","U232_11","S",1,"U232","11","S"
"U232","1A1_S1_L001_10","O",1,"1A1_S1_L001","10","S"
"U232","U232_2","S",1,"U232","2","S"
"U232","U232_10","S",1,"U232","10","S"
"U232","U232_3","S",1,"U232","3","S"
"U232","U232_5","S",1,"U232","5","S"
"U232","U232_4","S",1,"U232","4","S"
"U233","SSFLO2-2_S3_11","St",1,"SSFLO2-2_S3","11","St"
"U233","SSFLO2-2_S3_13","St",1,"SSFLO2-2_S3","13","St"
"U233","Pg1054x1x2_6","St",1,"Pg1054x1x2","6","St"
"U233","SSFL14-3_S2_11","St",1,"SSFL14-3_S2","11","St"
"U233","SSFL14-3_S2_13","St",1,"SSFL14-3_S2","13","St"
"U233","SSFLO2-2_S3_17","St",1,"SSFLO2-2_S3","17","St"
"U233","SSFL14-3_S2_4","St",1,"SSFL14-3_S2","4","St"
"U233","U217_S3_L00_14","St",1,"U217_S3_L00","14","St"
"U233","U217_S3_L00_18","St",1,"U217_S3_L00","18","St"
"U233","U234_USPD16_5","L1",1,"U234_USPD16","5","St"
"U233","Pg1054x1x2_3","St",1,"Pg1054x1x2","3","St"
"U233","U233_USPD16_4","St",1,"U233_USPD16","4","St"
"U233","U233_USPD16_5","St",1,"U233_USPD16","5","St"
"U233","Bm88324_S1_11","B1",1,"Bm88324_S1","11","St"
"U233","U233_USPD16_3","St",1,"U233_USPD16","3","St"
"U233","U217_S3_L00_12","St",1,"U217_S3_L00","12","St"
"U233","SSTX-16-11_4","St",1,"SSTX-16-11","4","St"
"U233","U233_USPD16_6","St",1,"U233_USPD16","6","St"
"U233","SSTX-16-11_1","St",1,"SSTX-16-11","1","St"
"U233","U217_S3_L00_7","St",1,"U217_S3_L00","7","St"
"U233","Pg1054_12","St",1,"Pg1054","12","St"
"U233","U217_S3_L00_6","St",1,"U217_S3_L00","6","St"
"U233","SSTX-16-11_6","St",1,"SSTX-16-11","6","St"
"U233","Pg1054_10","St",1,"Pg1054","10","St"
"U233","Pg1054_1","St",1,"Pg1054","1","St"
"U234","P1L1-2_S3_L_10","L",1,"P1L1-2_S3_L","10","L1"
"U234","P1L1-2_S3_L_9","L",1,"P1L1-2_S3_L","9","L1"
"U234","U235_USPD16_3","L1",1,"U235_USPD16","3","L1"
"U234","T50-3NEX_CK_5","T",1,"T50-3NEX_CK","5","L1"
"U234","U234_USPD16_4","L1",1,"U234_USPD16","4","L1"
"U234","PL2-1_S4_L0_2","L1",1,"PL2-1_S4_L0","2","L1"
"U234","Po221_S2_L3_5","L1",1,"Po221_S2_L3","5","L1"
"U234","T25_S1_L001_1","T",1,"T25_S1_L001","1","L1"
"U234","U234_USPD16_3","L1",1,"U234_USPD16","3","L1"
"U234","WB169_PE_L0_2","T",1,"WB169_PE_L0","2","L1"
"U234","WB127_PE_L0_3","T",1,"WB127_PE_L0","3","L1"
"U234","P28_S1_L001_4","L1",1,"P28_S1_L001","4","L1"
"U234","U234_USPD16_5","L1",1,"U234_USPD16","5","L1"
"U234","LpKY-97-1_S_2","L1",1,"LpKY-97-1_S","2","L1"
"U234","U217_S3_L00_5","St",1,"U217_S3_L00","5","L1"
"U234","T21-1NEX_CK_9","T",1,"T21-1NEX_CK","9","L1"
"U234","U235_USPD16_2","L1",1,"U235_USPD16","2","L1"
"U234","LibP29_S2_L_2","T",1,"LibP29_S2_L","2","L1"
"U235","WB127_PE_L0_3","T",1,"WB127_PE_L0","3","L1"
"U235","LibP29_S2_L_2","T",1,"LibP29_S2_L","2","L1"
"U235","U235_USPD16_2","L1",1,"U235_USPD16","2","L1"
"U235","P28_S1_L001_4","L1",1,"P28_S1_L001","4","L1"
"U235","U235_USPD16_3","L1",1,"U235_USPD16","3","L1"
"U235","U217_S3_L00_5","St",1,"U217_S3_L00","5","L1"
"U235","T21-1NEX_CK_9","T",1,"T21-1NEX_CK","9","L1"
"U235","WB169_PE_L0_2","T",1,"WB169_PE_L0","2","L1"
"U235","P1L1-2_S3_L_9","L",1,"P1L1-2_S3_L","9","L1"
"U235","T50-3NEX_CK_5","T",1,"T50-3NEX_CK","5","L1"
"U235","U234_USPD16_3","L1",1,"U234_USPD16","3","L1"
"U235","U235_USPD16_8","L1",1,"U235_USPD16","8","L1"
"U235","Po221_S2_L3_5","L1",1,"Po221_S2_L3","5","L1"
"U235","LpKY-97-1_S_2","L1",1,"LpKY-97-1_S","2","L1"
"U235","PL2-1_S4_L0_2","L1",1,"PL2-1_S4_L0","2","L1"
"U235","T25_S1_L001_1","T",1,"T25_S1_L001","1","L1"
"U235","P1L1-2_S3_L_10","L",1,"P1L1-2_S3_L","10","L1"
"U235","Br81_USPD16_3","T",1,"Br81_USPD16","3","L1"
"U235","PtKY18-1_US_2","L1",1,"PtKY18-1_US","2","L1"
"U237","U237_2","Ec",1,"U237","2","Ec"
"U237","U235_USPD16_2","L1",1,"U235_USPD16","2","Ec"
"U237","P28_S1_L001_4","L1",1,"P28_S1_L001","4","Ec"
"U237","U237_1","Ec",1,"U237","1","Ec"
"U237","P1L1-2_S3_L_9","L",1,"P1L1-2_S3_L","9","Ec"
"U237","U234_USPD16_3","L1",1,"U234_USPD16","3","Ec"
"U237","U237_3","Ec",1,"U237","3","Ec"
"U237","U237_4","Ec",1,"U237","4","Ec"
"U75","SSID116_1","O",1,"SSID116","1","O"
"U75","SSID116_5","O",1,"SSID116","5","O"
"U75","SSID116_8","O",1,"SSID116","8","O"
"U75","U75_12","O",1,"U75","12","O"
"U75","1A1_S1_L001_10","O",1,"1A1_S1_L001","10","O"
"U75","1A1_S1_L001_12","O",1,"1A1_S1_L001","12","O"
"U75","U75_5","O",1,"U75","5","O"
"U75","U75_1","O",1,"U75","1","O"
"U75","U75_2","O",1,"U75","2","O"
"U75","U75_3","O",1,"U75","3","O"
"U75","U107_USPD16_7","O",1,"U107_USPD16","7","O"
"U75","FR13_S3_L00_15","O",1,"FR13_S3_L00","15","O"
"U75","ML33_S2_L00_3","O",1,"ML33_S2_L00","3","O"
"U75","ML33_S2_L00_11","O",1,"ML33_S2_L00","11","O"
"U75","U75_4","O",1,"U75","4","O"
"U75","U75_11","O",1,"U75","11","O"
"U75","1A1_S1_L001_5","O",1,"1A1_S1_L001","5","O"
"U75","ML33_1__4","O",1,"ML33_1_","4","O"
"U75","FR13_S3_L00_1","O",1,"FR13_S3_L00","1","O"
"U75","FR13_S3_L00_8","O",1,"FR13_S3_L00","8","O"
"U75","SSID116_10","O",1,"SSID116","10","O"
"U75","FR13_S3_L00_10","O",1,"FR13_S3_L00","10","O"
"U75","U75_7","O",1,"U75","7","O"
"U75","1A1_S1_L001_1","O",1,"1A1_S1_L001","1","O"
"U75","1A1_S1_L001_4","O",1,"1A1_S1_L001","4","O"
"U75","U75_9","O",1,"U75","9","O"
"U75","U198_USPD16_2","O",1,"U198_USPD16","2","O"
"U75","U75_8","O",1,"U75","8","O"
"Ub012i","B51_S2_L001_3","E1",1,"B51_S2_L001","3","T"
"Ub012i","Br81_USPD16_3","T",1,"Br81_USPD16","3","T"
"Ub012i","Br81_USPD16_7","T",1,"Br81_USPD16","7","T"
"Ub012i","PtKY18-1_US_2","L1",1,"PtKY18-1_US","2","T"
"Ub012i","T13-3NEX_CK_15","T",1,"T13-3NEX_CK","15","T"
"WB037","WB037_PE_4","T",1,"WB037_PE","4","T"
"WB117","IB49_S2_L00_16","O",1,"IB49_S2_L00","16","T"
"WB117","Br81_USPD16_7","T",1,"Br81_USPD16","7","T"
"WB117","PtKY18-1_US_2","L1",1,"PtKY18-1_US","2","T"
"WB117","LibP29_S2_L_3","T",1,"LibP29_S2_L","3","T"
"WB117","As345_2","L1",1,"As345","2","T"
"WB117","WB117_PE_2","T",1,"WB117_PE","2","T"
"WB117","WB117_PE_4","T",1,"WB117_PE","4","T"
"WB127","B51_S2_L001_3","E1",1,"B51_S2_L001","3","T"
"WB127","IB49_S2_L00_16","O",1,"IB49_S2_L00","16","T"
"WB127","Br81_USPD16_7","T",1,"Br81_USPD16","7","T"
"WB127","LpKY-97-1_S_2","L1",1,"LpKY-97-1_S","2","T"
"WB127","PL2-1_S4_L0_2","L1",1,"PL2-1_S4_L0","2","T"
"WB127","T25_S1_L001_1","T",1,"T25_S1_L001","1","T"
"WB127","WB169_PE_L0_2","T",1,"WB169_PE_L0","2","T"
"WB127","T21-1NEX_CK_9","T",1,"T21-1NEX_CK","9","T"
"WB127","WB127_PE_L0_2","T",1,"WB127_PE_L0","2","T"
"WB127","WB127_PE_L0_3","T",1,"WB127_PE_L0","3","T"
"WB127","LibP29_S2_L_2","T",1,"LibP29_S2_L","2","T"
"WB127","U235_USPD16_3","L1",1,"U235_USPD16","3","T"
"WB127","T50-3NEX_CK_5","T",1,"T50-3NEX_CK","5","T"
"WB169","Br81_USPD16_3","T",1,"Br81_USPD16","3","T"
"WB169","LpKY-97-1_S_2","L1",1,"LpKY-97-1_S","2","T"
"WB169","PL2-1_S4_L0_2","L1",1,"PL2-1_S4_L0","2","T"
"WB169","T25_S1_L001_1","T",1,"T25_S1_L001","1","T"
"WB169","WB169_PE_L0_2","T",1,"WB169_PE_L0","2","T"
"WB169","WB169_PE_L0_7","T",1,"WB169_PE_L0","7","T"
"WB169","WB169_PE_L0_9","T",1,"WB169_PE_L0","9","T"
"WB169","T21-1NEX_CK_9","T",1,"T21-1NEX_CK","9","T"
"WB169","WB127_PE_L0_3","T",1,"WB127_PE_L0","3","T"
"WB169","LibP29_S2_L_2","T",1,"LibP29_S2_L","2","T"
"WB169","LibP29_S2_L_3","T",1,"LibP29_S2_L","3","T"
"WB169","U235_USPD16_3","L1",1,"U235_USPD16","3","T"
"WB169","T13-3NEX_CK_10","T",1,"T13-3NEX_CK","10","T"
"WB169","T13-3NEX_CK_15","T",1,"T13-3NEX_CK","15","T"
"WB169","T50-3NEX_CK_5","T",1,"T50-3NEX_CK","5","T"
"WB205","WB205_3","T",1,"WB205","3","T"
"WB205","WB205_5","T",1,"WB205","5","T"
"WB205","WB205_6","T",1,"WB205","6","T"
"WB205","WB205_7","T",1,"WB205","7","T"
"WB205","WB205_8","T",1,"WB205","8","T"
"WB205","LpKY-97-1_S_2","L1",1,"LpKY-97-1_S","2","T"
"WB205","PL2-1_S4_L0_2","L1",1,"PL2-1_S4_L0","2","T"
"WB205","T25_S1_L001_1","T",1,"T25_S1_L001","1","T"
"WB205","WB169_PE_L0_2","T",1,"WB169_PE_L0","2","T"
"WB205","T21-1NEX_CK_9","T",1,"T21-1NEX_CK","9","T"
"WB205","WB127_PE_L0_3","T",1,"WB127_PE_L0","3","T"
"WB205","LibP29_S2_L_2","T",1,"LibP29_S2_L","2","T"
"WB205","U235_USPD16_3","L1",1,"U235_USPD16","3","T"
"WB205","T50-3NEX_CK_5","T",1,"T50-3NEX_CK","5","T"
"Wk3-1","Wk3-1_S5_L0_10","L3",1,"Wk3-1_S5_L0","10","L3"
"Wk3-1","Wk3-1_S5_L0_11","L3",1,"Wk3-1_S5_L0","11","L3"
"Wk3-1","Wk3-1_S5_L0_6","L3",1,"Wk3-1_S5_L0","6","L3"
"Wk3-1","Wk3-1_S5_L0_1","L3",1,"Wk3-1_S5_L0","1","L3"
"Wk3-1","Wk3-1_S5_L0_4","L3",1,"Wk3-1_S5_L0","4","L3"
"Wk3-1","Wk3-1_S5_L0_12","L3",1,"Wk3-1_S5_L0","12","L3"
"Wk3-1","Wk3-1_S5_L0_5","L3",1,"Wk3-1_S5_L0","5","L3"
